type,time,range_ratio,kept
NFP,2008-02-01 13:30:00+00:00,6.636363636363774,True
NFP,2008-03-07 13:30:00+00:00,5.492063492062795,True
NFP,2008-04-04 12:30:00+00:00,6.8743169398906145,True
NFP,2008-05-02 12:30:00+00:00,11.188571428571912,True
NFP,2008-06-06 12:30:00+00:00,10.890109890110386,True
NFP,2008-07-04 12:30:00+00:00,1.1609195402297838,False
NFP,2008-08-01 12:30:00+00:00,6.50561797752925,True
NFP,2008-09-05 12:30:00+00:00,6.837398373983405,True
NFP,2008-10-03 12:30:00+00:00,6.5499999999998275,True
NFP,2008-11-07 13:30:00+00:00,3.342857142857365,True
NFP,2008-12-05 13:30:00+00:00,8.421052631578899,True
NFP,2009-01-02 13:30:00+00:00,2.9444444444448146,False
NFP,2009-02-06 13:30:00+00:00,4.688888888888374,True
NFP,2009-03-06 13:30:00+00:00,7.837499999998685,True
NFP,2009-04-03 12:30:00+00:00,4.251497005988932,True
NFP,2009-05-08 12:30:00+00:00,7.512500000000639,True
NFP,2009-06-05 12:30:00+00:00,11.679999999999396,True
NFP,2009-07-03 12:30:00+00:00,0.7802197802197963,False
NFP,2009-08-07 12:30:00+00:00,4.057471264366907,True
NFP,2009-09-04 12:30:00+00:00,4.220779220778314,True
NFP,2009-10-02 12:30:00+00:00,6.873563218390364,True
NFP,2009-11-06 13:30:00+00:00,3.7624999999995943,True
NFP,2009-12-04 13:30:00+00:00,6.349999999998904,True
NFP,2010-01-01 13:30:00+00:00,0.7777777777780519,False
NFP,2010-02-05 13:30:00+00:00,6.677083333332861,True
NFP,2010-03-05 13:30:00+00:00,4.787500000000527,True
NFP,2010-04-02 12:30:00+00:00,4.242857142857492,True
NFP,2010-05-07 12:30:00+00:00,2.8914956011731534,False
NFP,2010-06-04 12:30:00+00:00,5.4042553191492475,True
NFP,2010-07-02 12:30:00+00:00,5.423913043478781,True
NFP,2010-08-06 12:30:00+00:00,5.383647798742003,True
NFP,2010-09-03 12:30:00+00:00,8.20270270270314,True
NFP,2010-10-08 12:30:00+00:00,6.882978723404662,True
NFP,2010-11-05 12:30:00+00:00,6.848484848484536,True
NFP,2010-12-03 13:30:00+00:00,5.60606060605977,True
NFP,2011-01-07 13:30:00+00:00,8.708661417323697,True
NFP,2011-02-04 13:30:00+00:00,6.708333333335935,True
NFP,2011-03-04 13:30:00+00:00,11.10256410256392,True
NFP,2011-04-01 12:30:00+00:00,5.6288659793821845,True
NFP,2011-05-06 12:30:00+00:00,5.7093023255808095,True
NFP,2011-06-03 12:30:00+00:00,5.411764705882243,True
NFP,2011-07-08 12:30:00+00:00,9.727272727271773,True
NFP,2011-08-05 12:30:00+00:00,3.8461538461536984,True
NFP,2011-09-02 12:30:00+00:00,5.462962962963131,True
NFP,2011-10-07 12:30:00+00:00,5.812500000000499,True
NFP,2011-11-04 12:30:00+00:00,3.4802259887008726,True
NFP,2011-12-02 13:30:00+00:00,4.928571428570183,True
NFP,2012-01-06 13:30:00+00:00,5.346938775511656,True
NFP,2012-02-03 13:30:00+00:00,8.46808510638324,True
NFP,2012-03-09 13:30:00+00:00,6.489795918368864,True
NFP,2012-04-06 12:30:00+00:00,17.428571428567803,True
NFP,2012-05-04 12:30:00+00:00,9.064516129031242,True
NFP,2012-06-01 12:30:00+00:00,7.943925233643669,True
NFP,2012-07-06 12:30:00+00:00,6.1315789473675135,True
NFP,2012-08-03 12:30:00+00:00,7.431818181818492,True
NFP,2012-09-07 12:30:00+00:00,8.42253521126788,True
NFP,2012-10-05 12:30:00+00:00,6.837837837838568,True
NFP,2012-11-02 12:30:00+00:00,7.1176470588236445,True
NFP,2012-12-07 13:30:00+00:00,,False
NFP,2013-01-04 13:30:00+00:00,6.35955056179759,True
NFP,2013-02-01 13:30:00+00:00,,False
NFP,2013-03-08 13:30:00+00:00,14.500000000001666,True
NFP,2013-04-05 12:30:00+00:00,14.844444444442459,True
NFP,2013-05-03 12:30:00+00:00,14.3835616438332,True
NFP,2013-06-07 12:30:00+00:00,10.24074074074109,True
NFP,2013-07-05 12:30:00+00:00,18.914285714281363,True
NFP,2013-08-02 12:30:00+00:00,,False
NFP,2013-09-06 12:30:00+00:00,27.71428571429193,True
NFP,2013-10-04 12:30:00+00:00,0.9666666666664446,False
NFP,2013-11-01 12:30:00+00:00,1.400000000000444,False
NFP,2013-12-06 13:30:00+00:00,13.200000000001332,True
NFP,2014-01-03 13:30:00+00:00,1.1538461538459788,False
NFP,2014-02-07 13:30:00+00:00,25.77777777777796,True
NFP,2014-03-07 13:30:00+00:00,13.169811320751176,True
NFP,2014-04-04 12:30:00+00:00,14.142857142854877,True
NFP,2014-05-02 12:30:00+00:00,30.79999999998105,True
NFP,2014-06-06 12:30:00+00:00,15.724137931039472,True
NFP,2014-07-04 12:30:00+00:00,1.9333333333358005,False
NFP,2014-08-01 12:30:00+00:00,22.72222222221311,True
NFP,2014-09-05 12:30:00+00:00,12.870967741933935,True
NFP,2014-10-03 12:30:00+00:00,20.22857142858,True
NFP,2014-11-07 13:30:00+00:00,17.5789473684292,True
NFP,2014-12-05 13:30:00+00:00,20.685714285709754,True
NFP,2015-01-02 13:30:00+00:00,1.2285714285713651,False
NFP,2015-02-06 13:30:00+00:00,24.04761904762042,True
NFP,2015-03-06 13:30:00+00:00,24.953488372097357,True
NFP,2015-04-03 12:30:00+00:00,36.199999999992386,True
NFP,2015-05-08 12:30:00+00:00,9.829457364341003,True
NFP,2015-06-05 12:30:00+00:00,25.19402985074822,True
NFP,2015-07-03 12:30:00+00:00,1.7105263157898658,False
NFP,2015-08-07 12:30:00+00:00,26.342857142860062,True
NFP,2015-09-04 12:30:00+00:00,20.770833333331385,True
NFP,2015-10-02 12:30:00+00:00,37.212121212128025,True
NFP,2015-11-06 13:30:00+00:00,41.14705882354185,True
NFP,2015-12-04 13:30:00+00:00,10.430769230770393,True
NFP,2016-01-01 13:30:00+00:00,,False
NFP,2016-02-05 13:30:00+00:00,13.76000000000151,True
NFP,2016-03-04 13:30:00+00:00,15.692307692307386,True
NFP,2016-04-01 12:30:00+00:00,10.891891891892378,True
NFP,2016-05-06 12:30:00+00:00,14.187500000005464,True
NFP,2016-06-03 12:30:00+00:00,40.92307692308835,True
NFP,2016-07-08 12:30:00+00:00,,False
NFP,2016-08-05 12:30:00+00:00,28.099999999987286,True
NFP,2016-09-02 12:30:00+00:00,31.961538461547594,True
NFP,2016-10-07 12:30:00+00:00,11.799999999997462,True
NFP,2016-11-04 12:30:00+00:00,8.533333333334665,True
NFP,2016-12-02 13:30:00+00:00,7.012345679012427,True
NFP,2017-01-06 13:30:00+00:00,16.212765957448216,True
NFP,2017-02-03 13:30:00+00:00,17.58333333333729,True
NFP,2017-03-10 13:30:00+00:00,11.187499999996314,True
NFP,2017-04-07 12:30:00+00:00,12.461538461541615,True
NFP,2017-05-05 12:30:00+00:00,12.321428571430738,True
NFP,2017-06-02 12:30:00+00:00,20.48979591837249,True
NFP,2017-07-07 12:30:00+00:00,18.241379310351086,True
NFP,2017-08-04 12:30:00+00:00,14.133333333334962,True
NFP,2017-09-01 12:30:00+00:00,17.999999999993214,True
NFP,2017-10-06 12:30:00+00:00,11.50000000000111,True
NFP,2017-11-03 12:30:00+00:00,13.254901960784672,True
NFP,2017-12-08 13:30:00+00:00,7.466666666667555,True
NFP,2018-01-05 13:30:00+00:00,11.928571428578849,True
NFP,2018-02-02 13:30:00+00:00,6.626262626262214,True
NFP,2018-03-09 13:30:00+00:00,8.177215189874612,True
NFP,2018-04-06 12:30:00+00:00,7.969696969698112,True
NFP,2018-05-04 12:30:00+00:00,9.600000000004187,True
NFP,2018-06-01 12:30:00+00:00,5.9333333333324125,True
NFP,2018-07-06 12:30:00+00:00,9.047619047620424,True
NFP,2018-08-03 12:30:00+00:00,8.37037037037034,True
NFP,2018-09-07 12:30:00+00:00,11.0,True
NFP,2018-10-05 12:30:00+00:00,9.51612903226391,True
NFP,2018-11-02 12:30:00+00:00,5.285714285712927,True
NFP,2018-12-07 13:30:00+00:00,14.676923076922005,True
NFP,2019-01-04 13:30:00+00:00,10.947368421051126,True
NFP,2019-02-01 13:30:00+00:00,9.83999999999634,True
NFP,2019-03-08 13:30:00+00:00,9.464285714283902,True
NFP,2019-04-05 12:30:00+00:00,10.16666666666276,True
NFP,2019-05-03 12:30:00+00:00,10.526315789478543,True
NFP,2019-06-07 12:30:00+00:00,20.782608695656496,True
NFP,2019-07-05 12:30:00+00:00,18.461538461527557,True
NFP,2019-08-02 12:30:00+00:00,4.303030303030996,True
NFP,2019-09-06 12:30:00+00:00,9.190476190474227,True
NFP,2019-10-04 12:30:00+00:00,16.200000000009414,True
NFP,2019-11-01 12:30:00+00:00,10.380952380950568,True
NFP,2019-12-06 13:30:00+00:00,19.59999999998727,True
NFP,2020-01-03 13:30:00+00:00,1.1818181818172642,False
NFP,2020-02-07 13:30:00+00:00,7.939393939390881,True
NFP,2020-03-06 13:30:00+00:00,4.476190476189691,True
NFP,2020-04-03 12:30:00+00:00,4.98245614035115,True
NFP,2020-05-08 12:30:00+00:00,7.645161290327202,True
NFP,2020-06-05 12:30:00+00:00,10.967741935482469,True
NFP,2020-07-03 12:30:00+00:00,1.0163934426234282,False
NFP,2020-08-07 12:30:00+00:00,6.179775280900087,True
NFP,2020-09-04 12:30:00+00:00,7.428571428572252,True
NFP,2020-10-02 12:30:00+00:00,2.9500000000002222,False
NFP,2020-11-06 13:30:00+00:00,2.5384615384611444,False
NFP,2020-12-04 13:30:00+00:00,4.8484848484825855,True
NFP,2021-01-01 13:30:00+00:00,,False
NFP,2021-02-05 13:30:00+00:00,6.4230769230734746,True
NFP,2021-03-05 13:30:00+00:00,9.882352941176224,True
NFP,2021-04-02 12:30:00+00:00,10.421052631572058,True
NFP,2021-05-07 12:30:00+00:00,29.120000000015953,True
NFP,2021-06-04 12:30:00+00:00,16.576923076927873,True
NFP,2021-07-02 12:30:00+00:00,19.272727272737274,True
NFP,2021-08-06 12:30:00+00:00,13.300000000000889,True
NFP,2021-09-03 12:30:00+00:00,20.052631578957087,True
NFP,2021-10-08 12:30:00+00:00,9.904761904759185,True
NFP,2021-11-05 12:30:00+00:00,9.440000000004902,True
NFP,2021-12-03 13:30:00+00:00,15.454545454549786,True
NFP,2022-01-07 13:30:00+00:00,11.304347826089014,True
NFP,2022-02-04 13:30:00+00:00,7.253012048193661,True
NFP,2022-03-04 13:30:00+00:00,3.873684210526424,True
NFP,2022-04-01 12:30:00+00:00,4.6842105263162965,True
NFP,2022-05-06 12:30:00+00:00,4.452173913042498,True
NFP,2022-06-03 12:30:00+00:00,8.214285714283902,True
NFP,2022-07-08 12:30:00+00:00,7.802197802197963,True
NFP,2022-08-05 12:30:00+00:00,17.780821917804992,True
NFP,2022-09-02 12:30:00+00:00,12.146341463415604,True
NFP,2022-10-07 12:30:00+00:00,10.000000000000227,True
NFP,2022-11-04 12:30:00+00:00,8.681818181818365,True
NFP,2022-12-02 13:30:00+00:00,18.921568627450903,True
NFP,2023-01-06 13:30:00+00:00,11.975308641975694,True
NFP,2023-02-03 13:30:00+00:00,22.972222222220502,True
NFP,2023-03-10 13:30:00+00:00,10.794871794868232,True
NFP,2023-04-07 12:30:00+00:00,17.31250000000772,True
NFP,2023-05-05 12:30:00+00:00,12.709677419353683,True
NFP,2023-06-02 12:30:00+00:00,11.076923076916705,True
NFP,2023-07-07 12:30:00+00:00,13.034482758624756,True
NFP,2023-08-04 12:30:00+00:00,15.333333333334371,True
NFP,2023-09-01 12:30:00+00:00,16.769230769236025,True
NFP,2023-10-06 12:30:00+00:00,21.25925925925932,True
NFP,2023-11-03 12:30:00+00:00,16.880000000008916,True
NFP,2023-12-08 13:30:00+00:00,15.354838709676125,True
NFP,2024-01-05 13:30:00+00:00,16.423076923067494,True
NFP,2024-02-02 13:30:00+00:00,24.269230769236877,True
NFP,2024-03-08 13:30:00+00:00,24.045454545466978,True
NFP,2024-04-05 12:30:00+00:00,21.250000000002775,True
NFP,2024-05-03 12:30:00+00:00,28.00000000001413,True
NFP,2024-06-07 12:30:00+00:00,39.35294117647028,True
NFP,2024-07-05 12:30:00+00:00,33.07692307693214,True
NFP,2024-08-02 12:30:00+00:00,16.919999999994175,True
NFP,2024-09-06 12:30:00+00:00,36.19047619046894,True
NFP,2024-10-04 12:30:00+00:00,26.120000000014176,True
NFP,2024-11-01 12:30:00+00:00,16.863636363628473,True
NFP,2024-12-06 13:30:00+00:00,,False
NFP,2025-01-03 13:30:00+00:00,1.700000000000222,False
NFP,2025-02-07 13:30:00+00:00,24.42307692306237,True
NFP,2025-03-07 13:30:00+00:00,8.731182795697908,True
NFP,2025-04-04 12:30:00+00:00,5.428571428571202,True
NFP,2025-05-02 12:30:00+00:00,6.533333333332314,True
NFP,2025-06-06 12:30:00+00:00,12.861111111105936,True
NFP,2025-07-04 12:30:00+00:00,0.9333333333336294,False
NFP,2025-08-01 12:30:00+00:00,29.39024390243777,True
NFP,2025-09-05 12:30:00+00:00,20.599999999993074,True
NFP,2025-10-03 12:30:00+00:00,2.1071428571435793,False
NFP,2025-11-07 13:30:00+00:00,2.739130434783742,False
NFP,2025-12-05 13:30:00+00:00,1.7777777777773391,False
NFP,2026-01-02 13:30:00+00:00,0.7692307692309006,False
NFP,2026-02-06 13:30:00+00:00,1.400000000000444,False
NFP,2026-03-06 13:30:00+00:00,6.720930232557629,True
NFP,2026-04-03 12:30:00+00:00,13.666666666662143,True
NFP,2026-05-08 12:30:00+00:00,7.7857142857121335,True
NFP,2026-06-05 12:30:00+00:00,14.117647058824298,True
NFP,2026-07-03 12:30:00+00:00,0.6666666666666666,False
NFP,2026-08-07 12:30:00+00:00,25.828571428582922,True
NFP,2026-09-04 12:30:00+00:00,20.65000000000211,True
FOMC,2013-01-30 19:00:00+00:00,0.8333333333334362,True
FOMC,2013-03-20 18:00:00+00:00,7.062500000002746,True
FOMC,2013-05-01 18:00:00+00:00,9.096774193554094,True
FOMC,2013-06-19 18:00:00+00:00,20.93333333333585,True
FOMC,2013-07-31 18:00:00+00:00,17.735294117646635,True
FOMC,2013-09-18 18:00:00+00:00,42.36363636361535,True
FOMC,2013-10-30 18:00:00+00:00,20.629629629630482,True
FOMC,2013-12-18 19:00:00+00:00,36.080000000004084,True
FOMC,2014-01-29 19:00:00+00:00,11.090909090907317,True
FOMC,2014-03-19 18:00:00+00:00,20.782608695656496,True
FOMC,2014-04-30 18:00:00+00:00,9.045454545449774,True
FOMC,2014-06-18 18:00:00+00:00,32.62068965518435,True
FOMC,2014-07-30 18:00:00+00:00,15.642857142854877,True
FOMC,2014-09-17 18:00:00+00:00,30.555555555556744,True
FOMC,2014-10-29 18:00:00+00:00,27.159999999990337,True
FOMC,2014-12-17 19:00:00+00:00,16.282608695655533,True
FOMC,2015-01-28 19:00:00+00:00,10.304761904762211,True
FOMC,2015-03-18 18:00:00+00:00,27.136363636364027,True
FOMC,2015-04-29 18:00:00+00:00,11.454545454545046,True
FOMC,2015-06-17 18:00:00+00:00,21.882352941176226,True
FOMC,2015-07-29 18:00:00+00:00,12.205128205131315,True
FOMC,2015-10-28 18:00:00+00:00,25.84415584415827,True
FOMC,2015-12-16 19:00:00+00:00,13.707865168541849,True
FOMC,2016-01-27 19:00:00+00:00,9.486486486486697,True
FOMC,2016-03-16 18:00:00+00:00,24.08823529411757,True
FOMC,2016-04-27 18:00:00+00:00,20.857142857138143,True
FOMC,2016-06-15 18:00:00+00:00,11.617647058823644,True
FOMC,2016-07-27 18:00:00+00:00,12.206896551728626,True
FOMC,2016-09-21 18:00:00+00:00,19.30909090909747,True
FOMC,2016-11-02 18:00:00+00:00,8.949152542371428,True
FOMC,2016-12-14 19:00:00+00:00,19.29729729729866,True
FOMC,2017-02-01 19:00:00+00:00,10.507042253521329,True
FOMC,2017-03-15 18:00:00+00:00,24.88888888888898,True
FOMC,2017-05-03 18:00:00+00:00,9.916666666666128,True
FOMC,2017-06-14 18:00:00+00:00,15.499999999998613,True
FOMC,2017-07-26 18:00:00+00:00,17.181818181820752,True
FOMC,2017-09-20 18:00:00+00:00,25.909090909095006,True
FOMC,2017-11-01 18:00:00+00:00,8.107142857141158,True
FOMC,2017-12-13 19:00:00+00:00,11.269230769234317,True
FOMC,2018-01-31 19:00:00+00:00,7.188118811879969,True
FOMC,2018-03-21 18:00:00+00:00,19.606060606064013,True
FOMC,2018-05-02 18:00:00+00:00,10.73170731707251,True
FOMC,2018-06-13 18:00:00+00:00,12.246153846153394,True
FOMC,2018-08-01 18:00:00+00:00,5.571428571426646,True
FOMC,2018-09-26 18:00:00+00:00,,True
FOMC,2018-12-19 19:00:00+00:00,14.090909090906981,True
FOMC,2019-01-30 19:00:00+00:00,18.237288135590223,True
FOMC,2019-03-20 18:00:00+00:00,25.600000000002886,True
FOMC,2019-05-01 18:00:00+00:00,17.624999999994884,True
FOMC,2019-06-19 18:00:00+00:00,,True
FOMC,2019-07-31 18:00:00+00:00,29.111111111100694,True
FOMC,2019-09-18 18:00:00+00:00,12.600000000000666,True
FOMC,2019-10-30 18:00:00+00:00,8.499999999995682,True
FOMC,2019-12-11 19:00:00+00:00,8.787878787880052,True
FOMC,2020-01-29 19:00:00+00:00,2.933333333331458,True
FOMC,2020-04-29 18:00:00+00:00,5.617647058822992,True
FOMC,2020-06-10 18:00:00+00:00,19.399999999996194,True
FOMC,2020-07-29 18:00:00+00:00,5.315789473684871,True
FOMC,2020-09-16 18:00:00+00:00,10.909090909092988,True
FOMC,2020-12-16 19:00:00+00:00,9.071428571430243,True
FOMC,2021-01-27 19:00:00+00:00,5.10344827585964,True
FOMC,2021-03-17 18:00:00+00:00,22.86956521737317,True
FOMC,2021-04-28 18:00:00+00:00,10.62962962962966,True
FOMC,2021-06-16 18:00:00+00:00,33.10526315789016,True
FOMC,2021-07-28 18:00:00+00:00,16.95833333333214,True
FOMC,2021-09-22 18:00:00+00:00,19.04545454546496,True
FOMC,2021-11-03 18:00:00+00:00,16.750000000001666,True
FOMC,2021-12-15 19:00:00+00:00,15.957446808503763,True
FOMC,2022-01-26 19:00:00+00:00,10.041666666670656,True
FOMC,2022-03-16 18:00:00+00:00,9.750000000000378,True
FOMC,2022-05-04 18:00:00+00:00,9.740259740260901,True
FOMC,2022-06-15 18:00:00+00:00,11.540000000001376,True
FOMC,2022-07-27 18:00:00+00:00,7.926829268292208,True
FOMC,2022-09-21 18:00:00+00:00,13.568181818181761,True
FOMC,2022-11-02 18:00:00+00:00,18.15000000000211,True
FOMC,2022-12-14 19:00:00+00:00,11.139534883717147,True
FOMC,2023-02-01 19:00:00+00:00,11.586206896551328,True
FOMC,2023-03-22 18:00:00+00:00,20.999999999991577,True
FOMC,2023-05-03 18:00:00+00:00,16.4444444444449,True
FOMC,2023-06-14 18:00:00+00:00,21.499999999989907,True
FOMC,2023-07-26 18:00:00+00:00,8.230769230768146,True
FOMC,2023-09-20 18:00:00+00:00,23.909090909079257,True
FOMC,2023-11-01 18:00:00+00:00,9.000000000001332,True
FOMC,2023-12-13 19:00:00+00:00,25.599999999991297,True
FOMC,2024-01-31 19:00:00+00:00,15.962264150939808,True
FOMC,2024-03-20 18:00:00+00:00,15.312500000006331,True
FOMC,2024-05-01 18:00:00+00:00,14.166666666670265,True
FOMC,2024-06-12 18:00:00+00:00,13.692307692304627,True
FOMC,2024-07-31 18:00:00+00:00,6.409090909087331,True
FOMC,2024-09-18 18:00:00+00:00,25.85714285715139,True
FOMC,2024-12-18 19:00:00+00:00,20.592592592593203,True
FOMC,2025-01-29 19:00:00+00:00,8.39285714285567,True
FOMC,2025-03-19 18:00:00+00:00,9.343750000003773,True
FOMC,2025-05-07 18:00:00+00:00,3.27083333333475,True
FOMC,2025-06-18 18:00:00+00:00,8.47368421052527,True
FOMC,2025-07-30 18:00:00+00:00,4.548387096774148,True
FOMC,2025-09-17 18:00:00+00:00,16.03703703703728,True
FOMC,2025-10-29 18:00:00+00:00,5.92307692307896,True
FOMC,2025-12-10 19:00:00+00:00,11.42222222222049,True
FOMC,2026-01-28 19:00:00+00:00,6.5172413793098825,True
FOMC,2026-03-18 18:00:00+00:00,5.107142857141951,True
FOMC,2026-04-29 18:00:00+00:00,6.166666666665896,True
FOMC,2026-06-17 18:00:00+00:00,25.84210526317081,True
FOMC,2026-07-29 18:00:00+00:00,19.61904761906383,True
