date,count,mean
2008,8,76.20907100014232
2009,8,45.72164056313081
2010,8,24.97224241745647
2011,8,-7.104524779437835
2012,8,13.658677757161634
2013,8,-8.631569666521244
2014,8,-40.77516559796808
2015,8,21.090902220960842
2016,8,13.25476770218997
2017,8,21.74526480468689
2018,8,0.8266691073260892
2019,8,11.944126264257278
2020,7,33.36166866358554
2021,8,-0.2463523783527477
2022,7,16.358661151300257
2023,7,32.46625268746071
2024,6,-3.2118889290707386
2025,8,-25.72765822257002
2026,5,-39.33716657843806
