symbol,count,mean
AUDCAD,390,-0.09938141132377061
AUDCHF,208,0.03427208456211536
AUDJPY,612,-0.09776823065519098
AUDNZD,235,-0.0321890853919039
AUDUSD,377,-0.04604560579296228
CADCHF,262,-0.12375031207548556
CADJPY,656,-0.03881274536203393
CHFJPY,817,-0.06928886717090638
EURAUD,775,-0.07363672456839895
EURCAD,793,-0.13748339967477965
EURCHF,275,-0.037144584587947026
EURGBP,146,-0.09287313310811313
EURJPY,876,-0.11110772773798855
EURNZD,767,-0.028308840180284952
EURUSD,636,-0.09679389464132182
GBPAUD,837,-0.046604162560047555
GBPCAD,1058,-0.05057738008266748
GBPCHF,580,-0.10942003224370524
GBPJPY,972,-0.09371794741608824
GBPNZD,791,-0.12352022995362073
GBPUSD,907,-0.0483351116036014
NZDCAD,313,-0.0019913545928359564
NZDCHF,208,-0.1161645087563939
NZDJPY,509,-0.055398204191747555
NZDUSD,285,-0.11092565475267971
USDCAD,578,-0.15173274400084968
USDCHF,494,-0.09882564402450057
USDJPY,834,-0.028442576896140933
