symbol,task,horizon,bundle,model,development_balanced_accuracy,confidence_threshold,previously_inspected,accuracy_lift_ci_low,accuracy_lift_ci_high,n,accuracy,balanced_accuracy,auc,brier,majority_accuracy,baseline_brier,persistence_accuracy,persistence_balanced_accuracy,positive_rate,confident_n,confident_coverage,confident_accuracy,confident_balanced_accuracy,confident_majority_accuracy,confident_positive_rate,confident_baseline_accuracy
AUDCAD,direction,4,fomc,extra_trees,0.5207446561335918,0.5,False,0.00662020905923345,0.06482578397212542,2870,0.5383275261324042,0.5387554991173701,0.5521485754678959,0.24779717164518444,0.4832752613240418,0.2501522947291206,0.5038327526132405,0.5048638231609284,0.4832752613240418,2870,1.0,0.5383275261324042,0.5387554991173701,0.4832752613240418,0.4832752613240418,0.5038327526132405
AUDCAD,high_volatility,72,fomc,logistic,0.6278744931303362,0.65,False,0.009933774834437087,0.12582781456953643,302,0.7119205298013245,0.6537593984962405,0.7460996240601503,0.1999139238406958,0.6291390728476821,0.23455559512514623,0.6423841059602649,0.6204887218045112,0.3708609271523179,121,0.40066225165562913,0.8264462809917356,0.6639085894405043,0.7768595041322314,0.2231404958677686,0.7024793388429752
AUDCHF,direction,4,fomc,extra_trees,0.5207446561335918,0.5,False,0.04281239122868082,0.09954751131221719,2873,0.5656108597285068,0.5717044707429323,0.5910322545506888,0.24483239319793387,0.47058823529411764,0.250589088620028,0.4942568743473721,0.49584976988823143,0.47058823529411764,2873,1.0,0.5656108597285068,0.5717044707429323,0.47058823529411764,0.47058823529411764,0.4942568743473721
AUDCHF,high_volatility,72,fomc,logistic,0.6278744931303362,0.65,False,0.0462748344370861,0.1357615894039735,302,0.6887417218543046,0.6412374020156775,0.7178051511758119,0.20466158228722858,0.6225165562913907,0.23555112726197833,0.5993377483443708,0.5746080627099663,0.37748344370860926,126,0.41721854304635764,0.7857142857142857,0.7,0.7142857142857143,0.2857142857142857,0.7301587301587301
AUDJPY,direction,4,fomc,extra_trees,0.5207446561335918,0.5,False,0.02354906788603588,0.08301090397467464,2843,0.5388673935983116,0.536094816618897,0.5443267940854706,0.24847071576548455,0.5082659162856138,0.24997912203805916,0.4861062258177981,0.4856341981377252,0.5082659162856138,2843,1.0,0.5388673935983116,0.536094816618897,0.5082659162856138,0.5082659162856138,0.4861062258177981
AUDJPY,high_volatility,72,fomc,logistic,0.6278744931303362,0.65,False,0.05351170568561873,0.13712374581939799,299,0.7424749163879598,0.6791666666666667,0.8009861932938857,0.17537377576198135,0.6521739130434783,0.22879553114844345,0.6454849498327759,0.6160256410256411,0.34782608695652173,160,0.5351170568561873,0.8625,0.7700784064420428,0.75625,0.24375,0.775
AUDNZD,direction,4,fomc,extra_trees,0.5207446561335918,0.5,False,0.014176663031624863,0.0690748818611414,2751,0.5419847328244275,0.5353060964744814,0.5643046540240125,0.24517935383242717,0.5288985823336968,0.24964570220398505,0.49909123954925483,0.5008272877688685,0.47110141766630315,2751,1.0,0.5419847328244275,0.5353060964744814,0.5288985823336968,0.47110141766630315,0.49909123954925483
AUDNZD,high_volatility,72,fomc,logistic,0.6278744931303362,0.65,False,0.006944444444444444,0.1284722222222222,288,0.6736111111111112,0.6388361796331437,0.6772085178157284,0.21972328770116645,0.6458333333333334,0.23090744814042605,0.6041666666666666,0.5651486401012018,0.3541666666666667,93,0.3229166666666667,0.7526881720430108,0.6909340659340659,0.6989247311827957,0.3010752688172043,0.6989247311827957
AUDUSD,direction,4,fomc,extra_trees,0.5207446561335918,0.5,False,-0.011324257425742574,0.04597772277227722,2828,0.5247524752475248,0.5265630419018192,0.5291794345929353,0.2497016700787655,0.4876237623762376,0.2501386719792702,0.506011315417256,0.5063127730309368,0.4876237623762376,2828,1.0,0.5247524752475248,0.5265630419018192,0.4876237623762376,0.4876237623762376,0.506011315417256
AUDUSD,high_volatility,72,fomc,logistic,0.6278744931303362,0.65,False,0.04377104377104377,0.13804713804713806,297,0.7171717171717171,0.6617230898228696,0.718216119903574,0.19601779911950654,0.6835016835016835,0.22584434760097583,0.6262626262626263,0.5837962477727702,0.3164983164983165,139,0.468013468013468,0.8057553956834532,0.6711538461538462,0.7482014388489209,0.2517985611510791,0.7841726618705036
CADCHF,direction,4,fomc,extra_trees,0.5207446561335918,0.5,False,0.05211952744961779,0.10667129951355107,2878,0.5594162612925643,0.5653260871150629,0.5752035811020728,0.24481990888837668,0.4589993050729673,0.25083837308083917,0.4808895066018068,0.4847187155562751,0.4589993050729673,2878,1.0,0.5594162612925643,0.5653260871150629,0.4589993050729673,0.4589993050729673,0.4808895066018068
CADCHF,high_volatility,72,fomc,logistic,0.6278744931303362,0.65,False,0.0429042904290429,0.132013201320132,303,0.693069306930693,0.6644308943089431,0.7364950316169828,0.20709889161579767,0.594059405940594,0.2413761150245933,0.6039603960396039,0.5842818428184282,0.40594059405940597,122,0.40264026402640263,0.7950819672131147,0.7308426073131955,0.6967213114754098,0.30327868852459017,0.7377049180327869
CADJPY,direction,4,fomc,extra_trees,0.5207446561335918,0.5,False,0.010104529616724738,0.06029616724738675,2870,0.5104529616724739,0.5121639860341938,0.5276598824008792,0.24954164210441407,0.4951219512195122,0.2501087851643862,0.47560975609756095,0.4759779973958599,0.4951219512195122,2870,1.0,0.5104529616724739,0.5121639860341938,0.4951219512195122,0.4951219512195122,0.47560975609756095
CADJPY,high_volatility,72,fomc,logistic,0.6278744931303362,0.65,False,0.023255813953488372,0.10299003322259136,301,0.6843853820598007,0.6381227132001126,0.7670513181349095,0.19213075652038672,0.6212624584717608,0.23542620094528652,0.6212624584717608,0.5993057510085373,0.3787375415282392,139,0.46179401993355484,0.8129496402877698,0.7135897435897436,0.7194244604316546,0.2805755395683453,0.7841726618705036
CHFJPY,direction,4,fomc,extra_trees,0.5207446561335918,0.5,False,-0.02983812295380138,0.031666060385594746,2749,0.4972717351764278,0.49728887124520316,0.5095132989281461,0.2502483114759922,0.5001818843215715,0.25006744333771563,0.49690796653328484,0.49689824004234484,0.5001818843215715,2749,1.0,0.4972717351764278,0.49728887124520316,0.5001818843215715,0.5001818843215715,0.49690796653328484
CHFJPY,high_volatility,72,fomc,logistic,0.6278744931303362,0.65,False,-0.017241379310344827,0.08275862068965517,290,0.7,0.6407616952171408,0.7612237414217612,0.19226200281216307,0.6517241379310345,0.2284669919077477,0.6655172413793103,0.6373565928021374,0.3482758620689655,147,0.506896551724138,0.8503401360544217,0.7507305669199298,0.8027210884353742,0.19727891156462585,0.782312925170068
EURAUD,direction,4,fomc,extra_trees,0.5207446561335918,0.5,False,0.043765196248697465,0.09518061827023272,2879,0.5481069815908302,0.5069078918495068,0.544523864557336,0.24607213963125504,0.5508857242097951,0.24923052997874556,0.4789857589440778,0.4826056786518541,0.4491142757902049,2879,1.0,0.5481069815908302,0.5069078918495068,0.5508857242097951,0.4491142757902049,0.4789857589440778
EURAUD,high_volatility,72,fomc,logistic,0.6278744931303362,0.65,False,0.04950495049504951,0.132013201320132,303,0.6996699669966997,0.6650124069478909,0.7342156051833472,0.20393003759011247,0.6138613861386139,0.2372748753341319,0.6105610561056105,0.5892610973256134,0.38613861386138615,106,0.34983498349834985,0.8207547169811321,0.7337719298245614,0.7169811320754716,0.2830188679245283,0.7830188679245284
EURCAD,direction,4,fomc,extra_trees,0.5207446561335918,0.5,False,0.022212573810350817,0.07676276484890587,2879,0.5314345258770407,0.5158475106614088,0.5184278665865791,0.24915790392282075,0.4769017019798541,0.2500250964508009,0.48176450156304274,0.48377574915197186,0.4769017019798541,2879,1.0,0.5314345258770407,0.5158475106614088,0.4769017019798541,0.4769017019798541,0.48176450156304274
EURCAD,high_volatility,72,fomc,logistic,0.6278744931303362,0.65,False,0.0,0.15181518151815182,303,0.6600660066006601,0.6517807585568918,0.7128122109158186,0.21722277495210243,0.6204620462046204,0.23634092089058145,0.5841584158415841,0.5602220166512488,0.3795379537953795,76,0.2508250825082508,0.7631578947368421,0.7521739130434782,0.6052631578947368,0.39473684210526316,0.6578947368421053
EURCHF,direction,4,fomc,extra_trees,0.5207446561335918,0.5,False,0.009030913511635985,0.06357242097950677,2879,0.5265717262938521,0.5235517005029588,0.5495882687982083,0.24862765164830503,0.5071205279610976,0.24996935852694188,0.4904480722473081,0.4909235714906311,0.4928794720389024,2879,1.0,0.5265717262938521,0.5235517005029588,0.5071205279610976,0.4928794720389024,0.4904480722473081
EURCHF,high_volatility,72,fomc,logistic,0.6278744931303362,0.65,False,-0.0165016501650165,0.07920792079207921,303,0.6468646864686468,0.5759537733221944,0.6754850088183422,0.22001690641154073,0.6237623762376238,0.23477790997373363,0.6138613861386139,0.5930103035366193,0.37623762376237624,196,0.6468646864686468,0.7142857142857143,0.5760444276158021,0.7091836734693877,0.29081632653061223,0.6785714285714286
EURGBP,direction,4,fomc,extra_trees,0.5207446561335918,0.5,False,0.03298155374246187,0.08939340191557289,2819,0.5569350833628947,0.5177212081942696,0.5366664832858581,0.24629204953299477,0.4455480666903157,0.25002813201007773,0.49556580347641005,0.5017092619533724,0.4455480666903157,2819,1.0,0.5569350833628947,0.5177212081942696,0.4455480666903157,0.4455480666903157,0.49556580347641005
EURGBP,high_volatility,72,fomc,logistic,0.6278744931303362,0.65,False,-0.08089225589225589,0.016835016835016835,297,0.5858585858585859,0.5985042735042735,0.6474358974358975,0.2366894207254452,0.6060606060606061,0.23882504944825755,0.6195286195286195,0.6038461538461539,0.3939393939393939,74,0.24915824915824916,0.6756756756756757,0.6756756756756757,0.5,0.5,0.7027027027027027
EURJPY,direction,4,fomc,extra_trees,0.5207446561335918,0.5,False,-0.01786644345238095,0.0357235863095238,2688,0.5130208333333334,0.5100426146046885,0.5214694140865959,0.24957216565543566,0.5167410714285714,0.24977228104564833,0.5037202380952381,0.502315288218051,0.5167410714285714,2688,1.0,0.5130208333333334,0.5100426146046885,0.5167410714285714,0.5167410714285714,0.5037202380952381
EURJPY,high_volatility,72,fomc,logistic,0.6278744931303362,0.65,False,-0.0035335689045936395,0.08480565371024736,283,0.6784452296819788,0.6313026329815585,0.7574885406673063,0.19097050867339457,0.6254416961130742,0.23441224507558728,0.6395759717314488,0.6115819209039548,0.3745583038869258,152,0.5371024734982333,0.7960526315789473,0.6898268398268398,0.7236842105263158,0.27631578947368424,0.75
EURNZD,direction,4,fomc,extra_trees,0.5207446561335918,0.5,False,0.009723670490093848,0.05979318734793187,2877,0.5210288494960028,0.5022858583116833,0.5291044631432006,0.24921308202896075,0.5272853667014251,0.2495889965227982,0.4848800834202294,0.4864234751250533,0.4727146332985749,2877,1.0,0.5210288494960028,0.5022858583116833,0.5272853667014251,0.4727146332985749,0.4848800834202294
EURNZD,high_volatility,72,fomc,logistic,0.6278744931303362,0.65,False,0.006518151815181523,0.09900990099009901,303,0.6171617161716172,0.5730297967140072,0.6318574213311056,0.22437054203143458,0.6237623762376238,0.23501623549605527,0.5676567656765676,0.5420495683653578,0.37623762376237624,103,0.33993399339933994,0.7475728155339806,0.6771008403361345,0.6601941747572816,0.33980582524271846,0.6796116504854369
EURUSD,direction,4,fomc,extra_trees,0.5207446561335918,0.5,True,0.0014035087719298245,0.05789473684210526,2850,0.519298245614035,0.5160081582551517,0.5218589533594092,0.25002282399425585,0.4785964912280702,0.2501947259026892,0.4901754385964912,0.49115054289695026,0.4785964912280702,2850,1.0,0.519298245614035,0.5160081582551517,0.4785964912280702,0.4785964912280702,0.4901754385964912
EURUSD,high_volatility,72,fomc,logistic,0.6278744931303362,0.65,True,0.07,0.18,300,0.66,0.591866028708134,0.6577033492822966,0.21585652234353025,0.6333333333333333,0.23357834011803566,0.5333333333333333,0.5033492822966508,0.36666666666666664,140,0.4666666666666667,0.7571428571428571,0.6282335550628234,0.7071428571428572,0.29285714285714287,0.6785714285714286
GBPAUD,direction,4,fomc,extra_trees,0.5207446561335918,0.5,False,0.002779708130646282,0.05456045865184155,2878,0.532314107018763,0.5044397021585493,0.5445458451991638,0.24709089750488925,0.5368311327310632,0.24966052077595774,0.5045170257123002,0.507475412542456,0.46316886726893675,2878,1.0,0.532314107018763,0.5044397021585493,0.5368311327310632,0.46316886726893675,0.5045170257123002
GBPAUD,high_volatility,72,fomc,logistic,0.6278744931303362,0.65,False,0.046122112211221124,0.14521452145214522,303,0.6534653465346535,0.6413968547641073,0.6939870490286771,0.2163086876589864,0.6204620462046204,0.23637072367011291,0.5610561056105611,0.5416049953746531,0.3795379537953795,88,0.29042904290429045,0.8295454545454546,0.8120347394540943,0.7045454545454546,0.29545454545454547,0.7954545454545454
GBPCAD,direction,4,fomc,extra_trees,0.5207446561335918,0.5,False,-0.02849079541507468,0.032311566516151434,2879,0.49913164293157347,0.5053878571669941,0.5250623940989906,0.2504673086470708,0.5088572420979507,0.2499599122107388,0.4973949287947204,0.49673861096494826,0.5088572420979507,2879,1.0,0.49913164293157347,0.5053878571669941,0.5088572420979507,0.5088572420979507,0.4973949287947204
GBPCAD,high_volatility,72,fomc,logistic,0.6278744931303362,0.65,False,0.0032178217821782224,0.10899339933993392,303,0.6237623762376238,0.6060975609756097,0.6501806684733515,0.22802631479762273,0.594059405940594,0.24116252008707217,0.570957095709571,0.5565040650406504,0.40594059405940597,91,0.30033003300330036,0.7472527472527473,0.6913978494623656,0.6593406593406593,0.34065934065934067,0.6703296703296703
GBPCHF,direction,4,fomc,extra_trees,0.5207446561335918,0.5,False,0.008890469416785207,0.06081970128022759,2812,0.5355618776671408,0.5355625252934035,0.5461994131930392,0.24848673828996923,0.49786628733997157,0.2501706956618348,0.5003556187766715,0.5004937272359369,0.49786628733997157,2812,1.0,0.5355618776671408,0.5355625252934035,0.49786628733997157,0.49786628733997157,0.5003556187766715
GBPCHF,high_volatility,72,fomc,logistic,0.6278744931303362,0.65,False,0.006756756756756757,0.125,296,0.6891891891891891,0.6675261423864776,0.7280714319820465,0.20686467095961084,0.6047297297297297,0.23911180781421532,0.6216216216216216,0.6086998042305305,0.3952702702702703,101,0.34121621621621623,0.8217821782178217,0.7715100965759438,0.6633663366336634,0.33663366336633666,0.7722772277227723
GBPJPY,direction,4,fomc,extra_trees,0.5207446561335918,0.5,False,-0.013028169014084507,0.04965669014084507,2840,0.5063380281690141,0.5057648085320359,0.5033027652398243,0.25046116982633093,0.5218309859154929,0.24967393414799574,0.48838028169014086,0.4868331614126514,0.5218309859154929,2840,1.0,0.5063380281690141,0.5057648085320359,0.5218309859154929,0.5218309859154929,0.48838028169014086
GBPJPY,high_volatility,72,fomc,logistic,0.6278744931303362,0.65,False,0.03336120401337793,0.12374581939799331,299,0.7190635451505016,0.6819509345794392,0.7716608255451713,0.18536146321638522,0.6421404682274248,0.23050948668847943,0.6421404682274248,0.6137801791277258,0.35785953177257523,169,0.5652173913043478,0.7988165680473372,0.707168458781362,0.7337278106508875,0.26627218934911245,0.7514792899408284
GBPNZD,direction,4,fomc,extra_trees,0.5207446561335918,0.5,False,-0.03689523146536721,0.015671771667246773,2873,0.497737556561086,0.4961882280191289,0.5176377142258984,0.25063960189508094,0.5026105116602854,0.24999326940234357,0.5064392620953707,0.5065675588182271,0.4973894883397146,2873,1.0,0.497737556561086,0.4961882280191289,0.5026105116602854,0.4973894883397146,0.5064392620953707
GBPNZD,high_volatility,72,fomc,logistic,0.6278744931303362,0.65,False,-0.052980132450331126,0.039735099337748346,302,0.5960264900662252,0.5544786252750854,0.6005056890012643,0.23410717095682548,0.6258278145695364,0.23479290049566834,0.6059602649006622,0.5891042749449829,0.3741721854304636,94,0.31125827814569534,0.7127659574468085,0.6825509720246563,0.6063829787234043,0.39361702127659576,0.7340425531914894
GBPUSD,direction,4,fomc,extra_trees,0.5207446561335918,0.5,True,-0.012851684612712747,0.04169850642584229,2879,0.5060784994789858,0.5049260156377464,0.5100967632625911,0.25036618823492574,0.4921847863841612,0.25003732573719983,0.4911427579020493,0.491512578837972,0.4921847863841612,2879,1.0,0.5060784994789858,0.5049260156377464,0.4921847863841612,0.4921847863841612,0.4911427579020493
GBPUSD,high_volatility,72,fomc,logistic,0.6278744931303362,0.65,True,0.0462046204620462,0.15841584158415842,303,0.6534653465346535,0.5969089390142022,0.6695442309477397,0.21488262298324912,0.6237623762376238,0.23533877942531303,0.5544554455445545,0.5279866332497911,0.37623762376237624,128,0.42244224422442245,0.7734375,0.6715909090909091,0.6875,0.3125,0.65625
NZDCAD,direction,4,fomc,extra_trees,0.5207446561335918,0.5,False,-0.009034051424600417,0.03996699096594857,2878,0.5253648366921473,0.521060024800434,0.533235003487561,0.24849136076834594,0.47255038220986795,0.2501250793632642,0.5090340514246005,0.5094440246454313,0.47255038220986795,2878,1.0,0.5253648366921473,0.521060024800434,0.47255038220986795,0.47255038220986795,0.5090340514246005
NZDCAD,high_volatility,72,fomc,logistic,0.6278744931303362,0.65,False,-0.006600660066006601,0.11221122112211221,303,0.6468646864686468,0.6101092896174863,0.6634790528233152,0.2208146942807497,0.6039603960396039,0.23948901376833986,0.594059405940594,0.5692622950819672,0.39603960396039606,98,0.3234323432343234,0.7653061224489796,0.6728219696969697,0.673469387755102,0.32653061224489793,0.6836734693877551
NZDCHF,direction,4,fomc,extra_trees,0.5207446561335918,0.5,False,0.044347509996364956,0.09378407851690294,2751,0.5717920756088695,0.578354006459264,0.5924222453561385,0.2422477759312067,0.455470737913486,0.25037800802512666,0.5027262813522355,0.5066475971686644,0.455470737913486,2751,1.0,0.5717920756088695,0.578354006459264,0.455470737913486,0.455470737913486,0.5027262813522355
NZDCHF,high_volatility,72,fomc,logistic,0.6278744931303362,0.65,False,-0.0034602076124567475,0.07958477508650519,289,0.6401384083044983,0.5752949159620002,0.6498590667084247,0.2165993011332158,0.643598615916955,0.23056924855824937,0.6020761245674741,0.571719386157219,0.356401384083045,115,0.39792387543252594,0.7565217391304347,0.6297063253012047,0.7217391304347827,0.2782608695652174,0.7043478260869566
NZDJPY,direction,4,fomc,extra_trees,0.5207446561335918,0.5,False,0.013546370267453978,0.0736453629732546,2879,0.5296978117401876,0.5310529020640915,0.5463935153118742,0.24809014576519908,0.48523792983674885,0.2503957095444322,0.4862799583188607,0.48736109863337385,0.48523792983674885,2879,1.0,0.5296978117401876,0.5310529020640915,0.48523792983674885,0.48523792983674885,0.4862799583188607
NZDJPY,high_volatility,72,fomc,logistic,0.6278744931303362,0.65,False,0.0165016501650165,0.10231023102310231,303,0.693069306930693,0.6334757834757835,0.7033713200379866,0.2002970533437994,0.6435643564356436,0.23061673088315202,0.6303630363036303,0.6054131054131053,0.3564356435643564,155,0.5115511551155115,0.8,0.7110671191553545,0.6709677419354839,0.32903225806451614,0.7677419354838709
NZDUSD,direction,4,fomc,extra_trees,0.5207446561335918,0.5,False,-0.0265812125748503,0.025823353293413173,2672,0.5093562874251497,0.5064904250664692,0.5193310447727706,0.2502465961168595,0.5172155688622755,0.24999484499822786,0.5097305389221557,0.5096904834023267,0.48278443113772457,2672,1.0,0.5093562874251497,0.5064904250664692,0.5172155688622755,0.48278443113772457,0.5097305389221557
NZDUSD,high_volatility,72,fomc,logistic,0.6278744931303362,0.65,False,0.02857142857142857,0.12857142857142856,280,0.6285714285714286,0.5456777721971092,0.6022099447513812,0.22725407522945473,0.6464285714285715,0.23147794212684097,0.55,0.5054969585356326,0.3535714285714286,129,0.4607142857142857,0.6821705426356589,0.5673234811165846,0.6744186046511628,0.32558139534883723,0.6356589147286822
USDCAD,direction,4,fomc,extra_trees,0.5207446561335918,0.5,False,-0.0024554351625305833,0.05454386578119537,2861,0.5131073051380636,0.5144962169970747,0.512350348782998,0.2505037783778073,0.49702901083537226,0.25000503201402957,0.48829080740999653,0.4882852015728222,0.5029709891646278,2861,1.0,0.5131073051380636,0.5144962169970747,0.49702901083537226,0.5029709891646278,0.48829080740999653
USDCAD,high_volatility,72,fomc,logistic,0.6278744931303362,0.65,False,0.04642857142857143,0.16611295681063123,301,0.6445182724252492,0.6144460028050491,0.6407667134174848,0.22532761686325112,0.6179401993355482,0.2364310530432939,0.5382059800664452,0.5101683029453016,0.38205980066445183,96,0.31893687707641194,0.7604166666666666,0.7143838754008245,0.6145833333333334,0.3854166666666667,0.6145833333333334
USDCHF,direction,4,fomc,extra_trees,0.5207446561335918,0.5,False,-0.008397279386117892,0.04534356470177886,2867,0.5270317404952912,0.527095347241485,0.5268245324612757,0.2503168096764585,0.5012207882804325,0.2500041068153308,0.5078479246599232,0.5078441391593793,0.5012207882804325,2867,1.0,0.5270317404952912,0.527095347241485,0.5012207882804325,0.5012207882804325,0.5078479246599232
USDCHF,high_volatility,72,fomc,logistic,0.6278744931303362,0.65,False,0.05289735099337749,0.1423841059602649,302,0.6622516556291391,0.6165080253826054,0.7107129525942515,0.20739899897348782,0.6225165562913907,0.23628483061050198,0.5662251655629139,0.5445595371407241,0.37748344370860926,119,0.39403973509933776,0.8151260504201681,0.7133544749823819,0.7226890756302521,0.2773109243697479,0.680672268907563
USDJPY,direction,4,fomc,extra_trees,0.5207446561335918,0.5,True,0.02143765903307888,0.07851690294438386,2751,0.5263540530716103,0.5259732813485465,0.5406348811973489,0.24936406749943874,0.5332606324972737,0.24968856287347102,0.47800799709196656,0.47588218055794457,0.5332606324972737,2751,1.0,0.5263540530716103,0.5259732813485465,0.5332606324972737,0.5332606324972737,0.47800799709196656
USDJPY,high_volatility,72,fomc,logistic,0.6278744931303362,0.65,True,-0.010380622837370242,0.08659169550173001,289,0.6747404844290658,0.6189644700880657,0.7440530418058509,0.1936150643594943,0.615916955017301,0.23656916464471944,0.6401384083044983,0.618002834294969,0.38408304498269896,179,0.6193771626297578,0.7821229050279329,0.6859237536656891,0.6927374301675978,0.30726256983240224,0.7318435754189944
