task,symbol,fold,threshold,coverage,n,accuracy,balanced_accuracy
direction,EURUSD,0,0.5,1.0,2276,0.5347100175746925,0.5347100175746924
direction,EURUSD,0,0.55,0.24868189806678384,566,0.5547703180212014,0.5386782530301513
direction,EURUSD,0,0.6,0.040421792618629174,92,0.6413043478260869,0.5
direction,EURUSD,1,0.5,1.0,3053,0.538159187684245,0.537890037553602
direction,EURUSD,1,0.55,0.2220766459220439,678,0.5412979351032449,0.5318425822643614
direction,EURUSD,1,0.6,0.04127088110055683,126,0.6190476190476191,0.5065984379208187
high_volatility,EURUSD,0,0.5,1.0,239,0.602510460251046,0.5986412236412237
high_volatility,EURUSD,0,0.55,0.702928870292887,168,0.6369047619047619,0.6252282410225198
high_volatility,EURUSD,0,0.6,0.502092050209205,120,0.6833333333333333,0.6625
high_volatility,EURUSD,0,0.65,0.34309623430962344,82,0.7682926829268293,0.7235690235690235
high_volatility,EURUSD,0,0.7,0.18828451882845187,45,0.8222222222222222,0.7638888888888888
high_volatility,EURUSD,1,0.5,1.0,321,0.7133956386292835,0.6817760773258155
high_volatility,EURUSD,1,0.55,0.7819314641744548,251,0.7410358565737052,0.7030913978494624
high_volatility,EURUSD,1,0.6,0.5109034267912772,164,0.8048780487804879,0.7417543859649123
high_volatility,EURUSD,1,0.65,0.32710280373831774,105,0.8666666666666667,0.8181818181818181
high_volatility,EURUSD,1,0.7,0.20249221183800623,65,0.9076923076923077,0.7980769230769231
high_volatility,EURUSD,1,0.75,0.102803738317757,33,0.9393939393939394,0.8821428571428571
direction,GBPUSD,0,0.5,1.0,2336,0.5124143835616438,0.512331561628854
direction,GBPUSD,0,0.55,0.1605308219178082,375,0.5866666666666667,0.5436827179071652
direction,GBPUSD,1,0.5,1.0,3119,0.5235652452709202,0.5241262408474892
direction,GBPUSD,1,0.55,0.16639948701506893,519,0.5472061657032755,0.5420553113117871
high_volatility,GBPUSD,0,0.5,1.0,246,0.6747967479674797,0.6394176931690929
high_volatility,GBPUSD,0,0.55,0.7682926829268293,189,0.7195767195767195,0.6621376811594203
high_volatility,GBPUSD,0,0.6,0.5813008130081301,143,0.7412587412587412,0.682896379525593
high_volatility,GBPUSD,0,0.65,0.4186991869918699,103,0.7766990291262136,0.6922268907563025
high_volatility,GBPUSD,0,0.7,0.24390243902439024,60,0.8,0.6825396825396826
high_volatility,GBPUSD,0,0.75,0.13008130081300814,32,0.8125,0.7004830917874396
high_volatility,GBPUSD,1,0.5,1.0,328,0.6798780487804879,0.6434692844065287
high_volatility,GBPUSD,1,0.55,0.7682926829268293,252,0.7420634920634921,0.6728095815213517
high_volatility,GBPUSD,1,0.6,0.5853658536585366,192,0.7864583333333334,0.6989738455762733
high_volatility,GBPUSD,1,0.65,0.4420731707317073,145,0.8482758620689655,0.7471221221221221
high_volatility,GBPUSD,1,0.7,0.3231707317073171,106,0.8679245283018868,0.7378048780487805
high_volatility,GBPUSD,1,0.75,0.24695121951219512,81,0.8641975308641975,0.7470288624787775
high_volatility,GBPUSD,1,0.8,0.14634146341463414,48,0.9166666666666666,0.8
direction,USDJPY,0,0.5,1.0,2276,0.5136203866432337,0.5136437204446545
direction,USDJPY,0,0.55,0.343585237258348,782,0.5281329923273658,0.5250580653603323
direction,USDJPY,0,0.6,0.13005272407732865,296,0.5540540540540541,0.5540540540540541
direction,USDJPY,1,0.5,1.0,2725,0.5251376146788991,0.5247909016068412
direction,USDJPY,1,0.55,0.3530275229357798,962,0.5395010395010394,0.5280047383288279
direction,USDJPY,1,0.6,0.06568807339449541,179,0.5754189944134078,0.5569110884006132
high_volatility,USDJPY,0,0.5,1.0,239,0.6527196652719666,0.592414208308248
high_volatility,USDJPY,0,0.55,0.8410041841004184,201,0.6716417910447762,0.5909090909090909
high_volatility,USDJPY,0,0.6,0.6527196652719666,156,0.7307692307692307,0.6212092313560938
high_volatility,USDJPY,0,0.65,0.5355648535564853,128,0.765625,0.6346896346896347
high_volatility,USDJPY,0,0.7,0.40585774058577406,97,0.8144329896907216,0.6086956521739131
high_volatility,USDJPY,0,0.75,0.27615062761506276,66,0.8787878787878788,0.6363636363636364
high_volatility,USDJPY,0,0.8,0.1799163179916318,43,0.9534883720930233,0.6666666666666666
high_volatility,USDJPY,1,0.5,1.0,282,0.6985815602836879,0.6907991904162792
high_volatility,USDJPY,1,0.55,0.7730496453900709,218,0.7522935779816514,0.7385222381635581
high_volatility,USDJPY,1,0.6,0.574468085106383,162,0.7962962962962963,0.7730392156862745
high_volatility,USDJPY,1,0.65,0.450354609929078,127,0.8267716535433071,0.7922969187675071
high_volatility,USDJPY,1,0.7,0.3475177304964539,98,0.8571428571428571,0.8095983307250914
high_volatility,USDJPY,1,0.75,0.24113475177304963,68,0.9117647058823529,0.8511111111111112
high_volatility,USDJPY,1,0.8,0.16666666666666666,47,0.9148936170212766,0.8497474747474747
high_volatility,USDJPY,1,0.85,0.13120567375886524,37,0.918918918918919,0.8125
direction,AUDUSD,0,0.5,1.0,2144,0.5051305970149254,0.5089189389222912
direction,AUDUSD,0,0.55,0.08861940298507463,190,0.5631578947368421,0.5356019766397125
direction,AUDUSD,1,0.5,1.0,3056,0.5265052356020943,0.5274112366538554
direction,AUDUSD,1,0.55,0.09293193717277487,284,0.545774647887324,0.5302743614001892
high_volatility,AUDUSD,0,0.5,1.0,225,0.6755555555555556,0.625
high_volatility,AUDUSD,0,0.55,0.8,180,0.6722222222222223,0.5958333333333333
high_volatility,AUDUSD,0,0.6,0.6,135,0.674074074074074,0.5871821484172288
high_volatility,AUDUSD,0,0.65,0.3688888888888889,83,0.7590361445783133,0.6456521739130435
high_volatility,AUDUSD,0,0.7,0.2222222222222222,50,0.82,0.6625000000000001
high_volatility,AUDUSD,0,0.75,0.14666666666666667,33,0.9090909090909091,0.7327586206896552
high_volatility,AUDUSD,1,0.5,1.0,321,0.6479750778816199,0.610343992248062
high_volatility,AUDUSD,1,0.55,0.794392523364486,255,0.6980392156862745,0.652258064516129
high_volatility,AUDUSD,1,0.6,0.5950155763239875,191,0.7696335078534031,0.7128069330765527
high_volatility,AUDUSD,1,0.65,0.4392523364485981,141,0.8014184397163121,0.7122926093514328
high_volatility,AUDUSD,1,0.7,0.3115264797507788,100,0.86,0.7757483510908167
high_volatility,AUDUSD,1,0.75,0.2118380062305296,68,0.8529411764705882,0.7690655209452202
high_volatility,AUDUSD,1,0.8,0.13395638629283488,43,0.9069767441860465,0.8186274509803921
direction,USDCAD,0,0.5,1.0,2276,0.5241652021089631,0.5191014707699914
direction,USDCAD,0,0.55,0.25746924428822493,586,0.5665529010238908,0.5480718713880425
direction,USDCAD,0,0.6,0.03163444639718805,72,0.5694444444444444,0.5
direction,USDCAD,1,0.5,1.0,3119,0.5357486373837769,0.5299259370189012
direction,USDCAD,1,0.55,0.1856364219301058,579,0.5492227979274611,0.5260158216468896
direction,USDCAD,1,0.6,0.015389547932029497,48,0.5416666666666666,0.5217391304347826
high_volatility,USDCAD,0,0.5,1.0,239,0.6108786610878661,0.5369288389513108
high_volatility,USDCAD,0,0.55,0.8158995815899581,195,0.6564102564102564,0.5423076923076923
high_volatility,USDCAD,0,0.6,0.6234309623430963,149,0.6510067114093959,0.5184612211221122
high_volatility,USDCAD,0,0.65,0.46443514644351463,111,0.7117117117117117,0.5659774436090226
high_volatility,USDCAD,0,0.7,0.3389121338912134,81,0.7037037037037037,0.5587412587412588
high_volatility,USDCAD,0,0.75,0.15481171548117154,37,0.6756756756756757,0.5854037267080745
high_volatility,USDCAD,1,0.5,1.0,328,0.7164634146341463,0.6833300492610838
high_volatility,USDCAD,1,0.55,0.7957317073170732,261,0.7739463601532567,0.7259984639016897
high_volatility,USDCAD,1,0.6,0.5152439024390244,169,0.8165680473372781,0.7492233612923268
high_volatility,USDCAD,1,0.65,0.3445121951219512,113,0.8141592920353983,0.7491531165311653
high_volatility,USDCAD,1,0.7,0.18597560975609756,61,0.8360655737704918,0.7512531328320802
high_volatility,USDCAD,1,0.75,0.09451219512195122,31,0.9032258064516129,0.7857142857142857
direction,USDCHF,0,0.5,1.0,2336,0.521404109589041,0.5215654366597763
direction,USDCHF,0,0.55,0.14897260273972604,348,0.5488505747126436,0.5358466834370449
direction,USDCHF,1,0.5,1.0,3119,0.5511381853158064,0.5487867235359989
direction,USDCHF,1,0.55,0.14780378326386662,461,0.5921908893709328,0.5398496240601504
high_volatility,USDCHF,0,0.5,1.0,246,0.5975609756097561,0.6138306674020959
high_volatility,USDCHF,0,0.55,0.7113821138211383,175,0.6228571428571429,0.6440803667745415
high_volatility,USDCHF,0,0.6,0.4878048780487805,120,0.6583333333333333,0.6774992713494608
high_volatility,USDCHF,0,0.65,0.27235772357723576,67,0.6567164179104478,0.686531007751938
high_volatility,USDCHF,0,0.7,0.13414634146341464,33,0.6666666666666666,0.6845238095238095
high_volatility,USDCHF,1,0.5,1.0,328,0.6585365853658537,0.6485097636176773
high_volatility,USDCHF,1,0.55,0.7164634146341463,235,0.7191489361702128,0.7050751879699249
high_volatility,USDCHF,1,0.6,0.47865853658536583,157,0.7834394904458599,0.7611727150537635
high_volatility,USDCHF,1,0.65,0.29573170731707316,97,0.8350515463917526,0.8089488636363636
high_volatility,USDCHF,1,0.7,0.16463414634146342,54,0.9259259259259259,0.875
high_volatility,USDCHF,1,0.75,0.09451219512195122,31,0.967741935483871,0.9375
direction,NZDUSD,0,0.5,1.0,1880,0.5351063829787234,0.536931727711534
direction,NZDUSD,0,0.55,0.24468085106382978,460,0.591304347826087,0.6001442015786278
direction,NZDUSD,0,0.6,0.02925531914893617,55,0.6909090909090909,0.6304347826086957
direction,NZDUSD,1,0.5,1.0,3119,0.5280538634177621,0.5271436961870377
direction,NZDUSD,1,0.55,0.17313241423533185,540,0.5462962962962963,0.54471069951497
direction,NZDUSD,1,0.6,0.03687079192048734,115,0.6347826086956522,0.5313117996044825
high_volatility,NZDUSD,0,0.5,1.0,194,0.7164948453608248,0.6933040078201369
high_volatility,NZDUSD,0,0.55,0.7835051546391752,152,0.7631578947368421,0.7378999179655455
high_volatility,NZDUSD,0,0.6,0.6494845360824743,126,0.7777777777777778,0.7406593406593407
high_volatility,NZDUSD,0,0.65,0.5,97,0.8350515463917526,0.7885610766045549
high_volatility,NZDUSD,0,0.7,0.42783505154639173,83,0.891566265060241,0.8311594202898551
high_volatility,NZDUSD,0,0.75,0.34536082474226804,67,0.9253731343283582,0.8477088948787062
high_volatility,NZDUSD,0,0.8,0.27835051546391754,54,0.9259259259259259,0.8016304347826086
high_volatility,NZDUSD,0,0.85,0.18556701030927836,36,0.9722222222222222,0.75
high_volatility,NZDUSD,1,0.5,1.0,328,0.6310975609756098,0.6006993541483548
high_volatility,NZDUSD,1,0.55,0.7804878048780488,256,0.67578125,0.6358805668016194
high_volatility,NZDUSD,1,0.6,0.6128048780487805,201,0.7263681592039801,0.6622153649712704
high_volatility,NZDUSD,1,0.65,0.45426829268292684,149,0.7986577181208053,0.7152690863579474
high_volatility,NZDUSD,1,0.7,0.32621951219512196,107,0.822429906542056,0.7289107289107289
high_volatility,NZDUSD,1,0.75,0.21951219512195122,72,0.8333333333333334,0.75
high_volatility,NZDUSD,1,0.8,0.12195121951219512,40,0.875,0.7222222222222222
