symbol,threshold,cost_pips,trades,coverage,selected_accuracy,mean_net_bps,sum_net_bps,net_win_rate
AUDCAD,0.5,0.0,2759,1.0,0.5338890902500906,1.3939657407055326,3845.9514786065643,0.5328017397607829
AUDCAD,0.5,1.5,2759,1.0,0.5338890902500906,-0.2496858514395724,-688.8832641217803,0.48133381660021746
AUDCAD,0.5,3.0,2759,1.0,0.5338890902500906,-1.8933374435846777,-5223.718006850126,0.43928959768031894
AUDCAD,0.55,0.0,602,0.21819499818774918,0.5963455149501661,2.982290459043938,1795.3388563444505,0.5930232558139535
AUDCAD,0.55,1.5,602,0.21819499818774918,0.5963455149501661,1.3432914100255358,808.6614288353725,0.5232558139534884
AUDCAD,0.55,3.0,602,0.21819499818774918,0.5963455149501661,-0.29570763899286634,-178.01599867370552,0.4750830564784053
AUDCAD,0.6,0.0,36,0.013048205871692642,0.5833333333333334,4.83890349392844,174.20052578142383,0.5833333333333334
AUDCAD,0.6,1.5,36,0.013048205871692642,0.5833333333333334,3.210297061214159,115.57069420370972,0.5277777777777778
AUDCAD,0.6,3.0,36,0.013048205871692642,0.5833333333333334,1.5816906284998773,56.940862625995585,0.4722222222222222
AUDCAD,0.65,0.0,0,0.0,,,0.0,
AUDCAD,0.65,1.5,0,0.0,,,0.0,
AUDCAD,0.65,3.0,0,0.0,,,0.0,
AUDCAD,0.7,0.0,0,0.0,,,0.0,
AUDCAD,0.7,1.5,0,0.0,,,0.0,
AUDCAD,0.7,3.0,0,0.0,,,0.0,
AUDCHF,0.5,0.0,2615,1.0,0.5617590822179732,2.2700949241116875,5936.298226552063,0.558699808795411
AUDCHF,0.5,1.5,2615,1.0,0.5617590822179732,-0.3771341678476871,-986.2058489217018,0.491395793499044
AUDCHF,0.5,3.0,2615,1.0,0.5617590822179732,-3.024363259807062,-7908.709924395467,0.42638623326959846
AUDCHF,0.55,0.0,662,0.2531548757170172,0.6419939577039275,4.442933563187371,2941.22201883004,0.6359516616314199
AUDCHF,0.55,1.5,662,0.2531548757170172,0.6419939577039275,1.7969108542625087,1189.5549855217807,0.5634441087613293
AUDCHF,0.55,3.0,662,0.2531548757170172,0.6419939577039275,-0.8491118546623536,-562.1120477864781,0.4818731117824773
AUDCHF,0.6,0.0,35,0.01338432122370937,0.6571428571428571,4.423891877867244,154.83621572535353,0.6571428571428571
AUDCHF,0.6,1.5,35,0.01338432122370937,0.6571428571428571,1.7936496670576787,62.777738347018754,0.6571428571428571
AUDCHF,0.6,3.0,35,0.01338432122370937,0.6571428571428571,-0.8365925437518864,-29.280739031316024,0.5428571428571428
AUDCHF,0.65,0.0,3,0.001147227533460803,0.6666666666666666,2.839029589258857,8.51708876777657,0.6666666666666666
AUDCHF,0.65,1.5,3,0.001147227533460803,0.6666666666666666,0.2313575072946857,0.6940725218840571,0.6666666666666666
AUDCHF,0.65,3.0,3,0.001147227533460803,0.6666666666666666,-2.3763145746694856,-7.128943724008456,0.6666666666666666
AUDCHF,0.7,0.0,2,0.0007648183556405354,0.5,0.5286252277181269,1.0572504554362538,0.5
AUDCHF,0.7,1.5,2,0.0007648183556405354,0.5,-2.0817483058662063,-4.163496611732413,0.5
AUDCHF,0.7,3.0,2,0.0007648183556405354,0.5,-4.6921218394505395,-9.384243678901079,0.5
AUDJPY,0.5,0.0,2488,1.0,0.52491961414791,0.4706116564457753,1170.881801237089,0.5237138263665595
AUDJPY,0.5,1.5,2488,1.0,0.52491961414791,-1.0358381888804744,-2577.16541393462,0.4879421221864952
AUDJPY,0.5,3.0,2488,1.0,0.52491961414791,-2.542288034206724,-6325.212629106329,0.4509646302250804
AUDJPY,0.55,0.0,322,0.12942122186495178,0.5652173913043478,2.071328467865696,666.9677666527541,0.5652173913043478
AUDJPY,0.55,1.5,322,0.12942122186495178,0.5652173913043478,0.5764180209143605,185.60660273442406,0.5279503105590062
AUDJPY,0.55,3.0,322,0.12942122186495178,0.5652173913043478,-0.918492426036975,-295.75456118390593,0.4937888198757764
AUDJPY,0.6,0.0,0,0.0,,,0.0,
AUDJPY,0.6,1.5,0,0.0,,,0.0,
AUDJPY,0.6,3.0,0,0.0,,,0.0,
AUDJPY,0.65,0.0,0,0.0,,,0.0,
AUDJPY,0.65,1.5,0,0.0,,,0.0,
AUDJPY,0.65,3.0,0,0.0,,,0.0,
AUDJPY,0.7,0.0,0,0.0,,,0.0,
AUDJPY,0.7,1.5,0,0.0,,,0.0,
AUDJPY,0.7,3.0,0,0.0,,,0.0,
AUDNZD,0.5,0.0,2617,1.0,0.5368742835307604,0.970415138727334,2539.576418049433,0.5361100496752006
AUDNZD,0.5,1.5,2617,1.0,0.5368742835307604,-0.38002939668608376,-994.5369311274812,0.47841039358043563
AUDNZD,0.5,3.0,2617,1.0,0.5368742835307604,-1.7304739320995017,-4528.650280304396,0.4203286205578907
AUDNZD,0.55,0.0,802,0.3064577760794803,0.600997506234414,1.7082196635909415,1369.9921701999351,0.5985037406483791
AUDNZD,0.55,1.5,802,0.3064577760794803,0.600997506234414,0.3640393791519425,291.9595820798579,0.5249376558603491
AUDNZD,0.55,3.0,802,0.3064577760794803,0.600997506234414,-0.9801409052870568,-786.0730060402195,0.4488778054862843
AUDNZD,0.6,0.0,493,0.18838364539549102,0.6206896551724138,2.1452890745644644,1057.6275137602809,0.6186612576064908
AUDNZD,0.6,1.5,493,0.18838364539549102,0.6206896551724138,0.801627348550772,395.2022828355306,0.537525354969574
AUDNZD,0.6,3.0,493,0.18838364539549102,0.6206896551724138,-0.5420343774629203,-267.2229480892197,0.4563894523326572
AUDNZD,0.65,0.0,242,0.09247229652273596,0.6487603305785123,2.7789084856411628,672.4958535251614,0.6487603305785123
AUDNZD,0.65,1.5,242,0.09247229652273596,0.6487603305785123,1.4310523123216976,346.31465958185083,0.5578512396694215
AUDNZD,0.65,3.0,242,0.09247229652273596,0.6487603305785123,0.08319613900223259,20.133465638540287,0.47520661157024796
AUDNZD,0.7,0.0,79,0.030187237294612153,0.7215189873417721,3.560401885343589,281.2717489421435,0.7215189873417721
AUDNZD,0.7,1.5,79,0.030187237294612153,0.7215189873417721,2.2179711658177,175.2197220995983,0.5949367088607594
AUDNZD,0.7,3.0,79,0.030187237294612153,0.7215189873417721,0.8755404462918119,69.16769525705314,0.5316455696202531
AUDUSD,0.5,0.0,2810,1.0,0.5202846975088968,0.5798229833481924,1629.3025832084206,0.5195729537366548
AUDUSD,0.5,1.5,2810,1.0,0.5202846975088968,-1.6781994176229509,-4715.740363520492,0.47259786476868326
AUDUSD,0.5,3.0,2810,1.0,0.5202846975088968,-3.936221818594094,-11060.783310249404,0.42597864768683275
AUDUSD,0.55,0.0,236,0.08398576512455516,0.5508474576271186,1.9141301383670393,451.73471265462126,0.5466101694915254
AUDUSD,0.55,1.5,236,0.08398576512455516,0.5508474576271186,-0.3357025085126612,-79.22579200898804,0.4957627118644068
AUDUSD,0.55,3.0,236,0.08398576512455516,0.5508474576271186,-2.5855351553923605,-610.1862966725971,0.461864406779661
AUDUSD,0.6,0.0,1,0.00035587188612099647,0.0,-13.096212515812944,-13.096212515812944,0.0
AUDUSD,0.6,1.5,1,0.00035587188612099647,0.0,-15.32852146737184,-15.32852146737184,0.0
AUDUSD,0.6,3.0,1,0.00035587188612099647,0.0,-17.560830418930735,-17.560830418930735,0.0
AUDUSD,0.65,0.0,0,0.0,,,0.0,
AUDUSD,0.65,1.5,0,0.0,,,0.0,
AUDUSD,0.65,3.0,0,0.0,,,0.0,
AUDUSD,0.7,0.0,0,0.0,,,0.0,
AUDUSD,0.7,1.5,0,0.0,,,0.0,
AUDUSD,0.7,3.0,0,0.0,,,0.0,
CADCHF,0.5,0.0,1906,1.0,0.5535152151101784,1.3682488281226275,2607.882266401728,0.5519412381951732
CADCHF,0.5,1.5,1906,1.0,0.5535152151101784,-1.087450272566242,-2072.6802195112573,0.459601259181532
CADCHF,0.5,3.0,1906,1.0,0.5535152151101784,-3.5431493732551114,-6753.242705424243,0.378803777544596
CADCHF,0.55,0.0,613,0.3216159496327387,0.6182707993474714,4.0395640562496355,2476.2527664810264,0.6150081566068516
CADCHF,0.55,1.5,613,0.3216159496327387,0.6182707993474714,1.5878186454105823,973.3328296366869,0.531810766721044
CADCHF,0.55,3.0,613,0.3216159496327387,0.6182707993474714,-0.8639267654284708,-529.5871072076526,0.4551386623164764
CADCHF,0.6,0.0,129,0.0676810073452256,0.6589147286821705,5.081752275216419,655.5460435029181,0.6589147286821705
CADCHF,0.6,1.5,129,0.0676810073452256,0.6589147286821705,2.64243607171625,340.8742532513962,0.5891472868217055
CADCHF,0.6,3.0,129,0.0676810073452256,0.6589147286821705,0.2031198682160794,26.202462999874243,0.5038759689922481
CADCHF,0.65,0.0,0,0.0,,,0.0,
CADCHF,0.65,1.5,0,0.0,,,0.0,
CADCHF,0.65,3.0,0,0.0,,,0.0,
CADCHF,0.7,0.0,0,0.0,,,0.0,
CADCHF,0.7,1.5,0,0.0,,,0.0,
CADCHF,0.7,3.0,0,0.0,,,0.0,
CADJPY,0.5,0.0,2687,1.0,0.5202828433196874,0.2649385079685003,711.8897709113603,0.5199106810569408
CADJPY,0.5,1.5,2687,1.0,0.5202828433196874,-1.1181249593167992,-3004.4017656842398,0.48604391514700407
CADJPY,0.5,3.0,2687,1.0,0.5202828433196874,-2.501188426602099,-6720.693302279839,0.4484555266096018
CADJPY,0.55,0.0,26,0.009676218831410495,0.38461538461538464,-3.553267655884194,-92.38495905298905,0.38461538461538464
CADJPY,0.55,1.5,26,0.009676218831410495,0.38461538461538464,-4.908892433842551,-127.63120327990633,0.3076923076923077
CADJPY,0.55,3.0,26,0.009676218831410495,0.38461538461538464,-6.264517211800909,-162.87744750682364,0.3076923076923077
CADJPY,0.6,0.0,0,0.0,,,0.0,
CADJPY,0.6,1.5,0,0.0,,,0.0,
CADJPY,0.6,3.0,0,0.0,,,0.0,
CADJPY,0.65,0.0,0,0.0,,,0.0,
CADJPY,0.65,1.5,0,0.0,,,0.0,
CADJPY,0.65,3.0,0,0.0,,,0.0,
CADJPY,0.7,0.0,0,0.0,,,0.0,
CADJPY,0.7,1.5,0,0.0,,,0.0,
CADJPY,0.7,3.0,0,0.0,,,0.0,
CHFJPY,0.5,0.0,2755,1.0,0.5088929219600726,-0.001332085831944338,-3.6698964670066516,0.5074410163339383
CHFJPY,0.5,1.5,2755,1.0,0.5088929219600726,-0.8687265266434397,-2393.3415809026765,0.48021778584392016
CHFJPY,0.5,3.0,2755,1.0,0.5088929219600726,-1.7361209674549347,-4783.013265338345,0.46025408348457353
CHFJPY,0.55,0.0,307,0.11143375680580762,0.5863192182410424,3.436932179264692,1055.1381790342605,0.5798045602605864
CHFJPY,0.55,1.5,307,0.11143375680580762,0.5863192182410424,2.5785132695362187,791.6035737476192,0.5537459283387622
CHFJPY,0.55,3.0,307,0.11143375680580762,0.5863192182410424,1.7200943598077447,528.0689684609777,0.5472312703583062
CHFJPY,0.6,0.0,17,0.006170598911070781,0.8235294117647058,8.18544644224993,139.15258951824882,0.8235294117647058
CHFJPY,0.6,1.5,17,0.006170598911070781,0.8235294117647058,7.326465754976763,124.54991783460497,0.7647058823529411
CHFJPY,0.6,3.0,17,0.006170598911070781,0.8235294117647058,6.4674850677035955,109.94724615096112,0.7647058823529411
CHFJPY,0.65,0.0,1,0.0003629764065335753,1.0,12.46123974845803,12.46123974845803,1.0
CHFJPY,0.65,1.5,1,0.0003629764065335753,1.0,11.591850928798252,11.591850928798252,1.0
CHFJPY,0.65,3.0,1,0.0003629764065335753,1.0,10.72246210913847,10.72246210913847,1.0
CHFJPY,0.7,0.0,0,0.0,,,0.0,
CHFJPY,0.7,1.5,0,0.0,,,0.0,
CHFJPY,0.7,3.0,0,0.0,,,0.0,
EURAUD,0.5,0.0,2879,1.0,0.5474122959360889,1.0534915728316174,3033.002238182227,0.5460229246266065
EURAUD,0.5,1.5,2879,1.0,0.5474122959360889,0.15383017422891734,442.877071605053,0.5192775269190691
EURAUD,0.5,3.0,2879,1.0,0.5474122959360889,-0.745831224373783,-2147.248094972121,0.4921847863841612
EURAUD,0.55,0.0,1260,0.43765196248697463,0.5936507936507937,2.1762314420248203,2742.0516169512734,0.5928571428571429
EURAUD,0.55,1.5,1260,0.43765196248697463,0.5936507936507937,1.2748019856301984,1606.2505018940499,0.5634920634920635
EURAUD,0.55,3.0,1260,0.43765196248697463,0.5936507936507937,0.37337252923557696,470.449386836827,0.5301587301587302
EURAUD,0.6,0.0,180,0.06252170892671066,0.65,2.9842200732084097,537.1596131775137,0.65
EURAUD,0.6,1.5,180,0.06252170892671066,0.65,2.081709348645541,374.70768275619736,0.6055555555555555
EURAUD,0.6,3.0,180,0.06252170892671066,0.65,1.1791986240826742,212.25575233488135,0.5944444444444444
EURAUD,0.65,0.0,4,0.0013893713094824591,0.5,3.678637927646833,14.714551710587331,0.5
EURAUD,0.65,1.5,4,0.0013893713094824591,0.5,2.754152912701329,11.016611650805316,0.5
EURAUD,0.65,3.0,4,0.0013893713094824591,0.5,1.8296678977558258,7.318671591023303,0.5
EURAUD,0.7,0.0,0,0.0,,,0.0,
EURAUD,0.7,1.5,0,0.0,,,0.0,
EURAUD,0.7,3.0,0,0.0,,,0.0,
EURCAD,0.5,0.0,2813,1.0,0.5343050124422325,0.6047585312962761,1701.1857485364246,0.5321720583007465
EURCAD,0.5,1.5,2813,1.0,0.5343050124422325,-0.3812158705121734,-1072.3602437507438,0.491290437255599
EURCAD,0.5,3.0,2813,1.0,0.5343050124422325,-1.367190272320623,-3845.9062360379125,0.4425879843583363
EURCAD,0.55,0.0,248,0.08816210451475294,0.5766129032258065,1.1683000203204443,289.7384050394702,0.5766129032258065
EURCAD,0.55,1.5,248,0.08816210451475294,0.5766129032258065,0.18311324953415106,45.41208588446946,0.5362903225806451
EURCAD,0.55,3.0,248,0.08816210451475294,0.5766129032258065,-0.8020735212521428,-198.9142332705314,0.5
EURCAD,0.6,0.0,17,0.006043370067543548,0.8235294117647058,8.023157999066322,136.39368598412747,0.8235294117647058
EURCAD,0.6,1.5,17,0.006043370067543548,0.8235294117647058,7.0203973729243385,119.34675533971375,0.8235294117647058
EURCAD,0.6,3.0,17,0.006043370067543548,0.8235294117647058,6.017636746782353,102.2998246953,0.8235294117647058
EURCAD,0.65,0.0,9,0.003199431212228937,0.8888888888888888,4.54861701042845,40.93755309385605,0.8888888888888888
EURCAD,0.65,1.5,9,0.003199431212228937,0.8888888888888888,3.5479026459847933,31.93112381386314,0.8888888888888888
EURCAD,0.65,3.0,9,0.003199431212228937,0.8888888888888888,2.5471882815411373,22.924694533870237,0.8888888888888888
EURCAD,0.7,0.0,4,0.0014219694276573053,1.0,11.72206269492493,46.88825077969972,1.0
EURCAD,0.7,1.5,4,0.0014219694276573053,1.0,10.722333034199224,42.889332136796895,1.0
EURCAD,0.7,3.0,4,0.0014219694276573053,1.0,9.72260337347352,38.89041349389408,1.0
EURCHF,0.5,0.0,2879,1.0,0.5362973254602292,0.612938547873771,1764.6500793285868,0.5331712400138937
EURCHF,0.5,1.5,2879,1.0,0.5362973254602292,-0.9706570940313852,-2794.521773716358,0.4511983327544286
EURCHF,0.5,3.0,2879,1.0,0.5362973254602292,-2.554252735936541,-7353.693626761302,0.3692254254949635
EURCHF,0.55,0.0,1245,0.4324418200764154,0.5654618473895582,1.0549111670699372,1313.3644030020719,0.563855421686747
EURCHF,0.55,1.5,1245,0.4324418200764154,0.5654618473895582,-0.5325855280342329,-663.0689824026199,0.4811244979919679
EURCHF,0.55,3.0,1245,0.4324418200764154,0.5654618473895582,-2.120082223138403,-2639.5023678073117,0.3863453815261044
EURCHF,0.6,0.0,177,0.06147968044459882,0.6384180790960452,2.1236733682859845,375.89018618661925,0.6384180790960452
EURCHF,0.6,1.5,177,0.06147968044459882,0.6384180790960452,0.5290945196346531,93.64972997533361,0.5536723163841808
EURCHF,0.6,3.0,177,0.06147968044459882,0.6384180790960452,-1.0654843290166784,-188.59072623595208,0.4463276836158192
EURCHF,0.65,0.0,24,0.008336227856894755,0.75,2.293571881964348,55.04572516714435,0.75
EURCHF,0.65,1.5,24,0.008336227856894755,0.75,0.6970224606765866,16.728539056238077,0.5
EURCHF,0.65,3.0,24,0.008336227856894755,0.75,-0.8995269606111748,-21.588647054668193,0.5
EURCHF,0.7,0.0,6,0.0020840569642236887,1.0,6.72185463221268,40.33112779327608,1.0
EURCHF,0.7,1.5,6,0.0020840569642236887,1.0,5.128852297987902,30.77311378792741,0.8333333333333334
EURCHF,0.7,3.0,6,0.0020840569642236887,1.0,3.5358499637631238,21.215099782578744,0.8333333333333334
EURGBP,0.5,0.0,2710,1.0,0.5535055350553506,0.8724379004494224,2364.306710217935,0.5487084870848709
EURGBP,0.5,1.5,2710,1.0,0.5535055350553506,-0.8710259677903611,-2360.4803727118788,0.44095940959409596
EURGBP,0.5,3.0,2710,1.0,0.5535055350553506,-2.614489836030145,-7085.267455641693,0.3457564575645756
EURGBP,0.55,0.0,723,0.26678966789667896,0.5878284923928078,1.141939386514941,825.6221764503024,0.5822959889349931
EURGBP,0.55,1.5,723,0.26678966789667896,0.5878284923928078,-0.5975901073655773,-432.05764762531237,0.47441217150760717
EURGBP,0.55,3.0,723,0.26678966789667896,0.5878284923928078,-2.337119601246096,-1689.7374717009272,0.38035961272475793
EURGBP,0.6,0.0,136,0.05018450184501845,0.6397058823529411,2.2895674767358316,311.3811768360731,0.6323529411764706
EURGBP,0.6,1.5,136,0.05018450184501845,0.6397058823529411,0.5465332745032889,74.3285253324473,0.5147058823529411
EURGBP,0.6,3.0,136,0.05018450184501845,0.6397058823529411,-1.1965009277292529,-162.7241261711784,0.4632352941176471
EURGBP,0.65,0.0,5,0.0018450184501845018,0.8,5.251653502292175,26.258267511460875,0.8
EURGBP,0.65,1.5,5,0.0018450184501845018,0.8,3.5060686681162827,17.530343340581414,0.8
EURGBP,0.65,3.0,5,0.0018450184501845018,0.8,1.7604838339403905,8.802419169701952,0.6
EURGBP,0.7,0.0,0,0.0,,,0.0,
EURGBP,0.7,1.5,0,0.0,,,0.0,
EURGBP,0.7,3.0,0,0.0,,,0.0,
EURJPY,0.5,0.0,2819,1.0,0.5225257183398369,0.46501817315798055,1310.8862301323472,0.521106775452288
EURJPY,0.5,1.5,2819,1.0,0.5225257183398369,-0.4462471063114845,-1257.970592692075,0.4927279177013125
EURJPY,0.5,3.0,2819,1.0,0.5225257183398369,-1.3575123857809497,-3826.8274155164972,0.46293011706278825
EURJPY,0.55,0.0,171,0.060659808442710184,0.5964912280701754,1.3776276935974645,235.57433560516643,0.5964912280701754
EURJPY,0.55,1.5,171,0.060659808442710184,0.5964912280701754,0.45227166085147136,77.3384540056016,0.5672514619883041
EURJPY,0.55,3.0,171,0.060659808442710184,0.5964912280701754,-0.4730843718945224,-80.89742759396333,0.543859649122807
EURJPY,0.6,0.0,1,0.000354735721887194,0.0,-159.546327283967,-159.546327283967,0.0
EURJPY,0.6,1.5,1,0.000354735721887194,0.0,-160.43797963465983,-160.43797963465983,0.0
EURJPY,0.6,3.0,1,0.000354735721887194,0.0,-161.32963198535265,-161.32963198535265,0.0
EURJPY,0.65,0.0,0,0.0,,,0.0,
EURJPY,0.65,1.5,0,0.0,,,0.0,
EURJPY,0.65,3.0,0,0.0,,,0.0,
EURJPY,0.7,0.0,0,0.0,,,0.0,
EURJPY,0.7,1.5,0,0.0,,,0.0,
EURJPY,0.7,3.0,0,0.0,,,0.0,
EURNZD,0.5,0.0,1326,1.0,0.5150829562594268,0.4281565017953654,567.7355213806545,0.5135746606334841
EURNZD,0.5,1.5,1326,1.0,0.5150829562594268,-0.3796442951805339,-503.4083354093879,0.4962292609351433
EURNZD,0.5,3.0,1326,1.0,0.5150829562594268,-1.1874450921564332,-1574.5521921994305,0.4683257918552036
EURNZD,0.55,0.0,442,0.3333333333333333,0.5497737556561086,1.7820642352598501,787.6723919848538,0.5475113122171946
EURNZD,0.55,1.5,442,0.3333333333333333,0.5497737556561086,0.976775129130804,431.73460707581535,0.5203619909502263
EURNZD,0.55,3.0,442,0.3333333333333333,0.5497737556561086,0.1714860230017574,75.79682216677676,0.48642533936651583
EURNZD,0.6,0.0,156,0.11764705882352941,0.5576923076923077,1.7731502793542806,276.61144357926776,0.5512820512820513
EURNZD,0.6,1.5,156,0.11764705882352941,0.5576923076923077,0.9680207016181316,151.01122945242852,0.5256410256410257
EURNZD,0.6,3.0,156,0.11764705882352941,0.5576923076923077,0.16289112388198257,25.411015325589283,0.4935897435897436
EURNZD,0.65,0.0,12,0.00904977375565611,0.5833333333333334,1.665439022476104,19.98526826971325,0.5
EURNZD,0.65,1.5,12,0.00904977375565611,0.5833333333333334,0.8802495759638402,10.562994911566083,0.4166666666666667
EURNZD,0.65,3.0,12,0.00904977375565611,0.5833333333333334,0.09506012945157553,1.1407215534189064,0.4166666666666667
EURNZD,0.7,0.0,0,0.0,,,0.0,
EURNZD,0.7,1.5,0,0.0,,,0.0,
EURNZD,0.7,3.0,0,0.0,,,0.0,
EURUSD,0.5,0.0,2879,1.0,0.5158040986453629,0.2396104763255589,689.838561341284,0.5130253560263981
EURUSD,0.5,1.5,2879,1.0,0.5158040986453629,-1.1136574192937658,-3206.219710146752,0.4633553317124001
EURUSD,0.5,3.0,2879,1.0,0.5158040986453629,-2.46692531491309,-7102.277981634787,0.4109065647794373
EURUSD,0.55,0.0,450,0.15630427231677665,0.5288888888888889,-0.7917049393777168,-356.26722271997255,0.5288888888888889
EURUSD,0.55,1.5,450,0.15630427231677665,0.5288888888888889,-2.1478269649821327,-966.5221342419596,0.44666666666666666
EURUSD,0.55,3.0,450,0.15630427231677665,0.5288888888888889,-3.503948990586548,-1576.7770457639467,0.39111111111111113
EURUSD,0.6,0.0,56,0.019451198332754428,0.5178571428571429,-0.14833225739537997,-8.306606414141278,0.5178571428571429
EURUSD,0.6,1.5,56,0.019451198332754428,0.5178571428571429,-1.5106322063527664,-84.59540355575491,0.42857142857142855
EURUSD,0.6,3.0,56,0.019451198332754428,0.5178571428571429,-2.8729321553101532,-160.88420069736858,0.375
EURUSD,0.65,0.0,0,0.0,,,0.0,
EURUSD,0.65,1.5,0,0.0,,,0.0,
EURUSD,0.65,3.0,0,0.0,,,0.0,
EURUSD,0.7,0.0,0,0.0,,,0.0,
EURUSD,0.7,1.5,0,0.0,,,0.0,
EURUSD,0.7,3.0,0,0.0,,,0.0,
GBPAUD,0.5,0.0,2367,1.0,0.5289395859738065,0.6406503549154977,1516.419390084983,0.5285171102661597
GBPAUD,0.5,1.5,2367,1.0,0.5289395859738065,-0.13332835233295143,-315.588209972096,0.5019011406844106
GBPAUD,0.5,3.0,2367,1.0,0.5289395859738065,-0.9073070595814006,-2147.595810029175,0.47739754964089565
GBPAUD,0.55,0.0,745,0.31474440219687366,0.6093959731543624,2.5534141371685637,1902.29353219058,0.6093959731543624
GBPAUD,0.55,1.5,745,0.31474440219687366,0.6093959731543624,1.778584025176356,1325.0450987563852,0.5812080536912752
GBPAUD,0.55,3.0,745,0.31474440219687366,0.6093959731543624,1.0037539131841484,747.7966653221906,0.5449664429530201
GBPAUD,0.6,0.0,168,0.07097591888466413,0.6726190476190477,3.1528348432853384,529.6762536719368,0.6726190476190477
GBPAUD,0.6,1.5,168,0.07097591888466413,0.6726190476190477,2.381008953435026,400.0095041770844,0.6607142857142857
GBPAUD,0.6,3.0,168,0.07097591888466413,0.6726190476190477,1.6091830635847146,270.34275468223206,0.6071428571428571
GBPAUD,0.65,0.0,5,0.0021123785382340513,0.6,5.939559569417829,29.69779784708915,0.6
GBPAUD,0.65,1.5,5,0.0021123785382340513,0.6,5.171329032623151,25.856645163115758,0.6
GBPAUD,0.65,3.0,5,0.0021123785382340513,0.6,4.403098495828473,22.015492479142367,0.6
GBPAUD,0.7,0.0,2,0.0008449514152936206,0.0,-6.86281077591,-13.72562155182,0.0
GBPAUD,0.7,1.5,2,0.0008449514152936206,0.0,-7.633704104543212,-15.267408209086424,0.0
GBPAUD,0.7,3.0,2,0.0008449514152936206,0.0,-8.404597433176425,-16.80919486635285,0.0
GBPCAD,0.5,0.0,2813,1.0,0.4976892996800569,0.011593860644037859,32.6135299916785,0.49591183789548526
GBPCAD,0.5,1.5,2813,1.0,0.4976892996800569,-0.8343670187720807,-2347.0744238058633,0.4628510487024529
GBPCAD,0.5,3.0,2813,1.0,0.4976892996800569,-1.6803278981881995,-4726.762377603405,0.43014575186633486
GBPCAD,0.55,0.0,329,0.11695698542481336,0.5288753799392097,1.1588613893778128,381.2653971053004,0.5258358662613982
GBPCAD,0.55,1.5,329,0.11695698542481336,0.5288753799392097,0.31372617611136755,103.21591194063993,0.48328267477203646
GBPCAD,0.55,3.0,329,0.11695698542481336,0.5288753799392097,-0.5314090371550773,-174.83357322402043,0.44680851063829785
GBPCAD,0.6,0.0,21,0.007465339495200853,0.6666666666666666,5.652450287727116,118.70145604226943,0.6666666666666666
GBPCAD,0.6,1.5,21,0.007465339495200853,0.6666666666666666,4.814417448638183,101.10276642140184,0.6666666666666666
GBPCAD,0.6,3.0,21,0.007465339495200853,0.6666666666666666,3.9763846095492488,83.50407680053422,0.6666666666666666
GBPCAD,0.65,0.0,12,0.004265908282971916,0.6666666666666666,7.503570136353869,90.04284163624644,0.6666666666666666
GBPCAD,0.65,1.5,12,0.004265908282971916,0.6666666666666666,6.666795619880805,80.00154743856966,0.6666666666666666
GBPCAD,0.65,3.0,12,0.004265908282971916,0.6666666666666666,5.8300211034077405,69.96025324089288,0.6666666666666666
GBPCAD,0.7,0.0,6,0.002132954141485958,0.6666666666666666,8.901098950036177,53.40659370021706,0.6666666666666666
GBPCAD,0.7,1.5,6,0.002132954141485958,0.6666666666666666,8.061122529251678,48.36673517551007,0.6666666666666666
GBPCAD,0.7,3.0,6,0.002132954141485958,0.6666666666666666,7.221146108467184,43.3268766508031,0.6666666666666666
GBPCHF,0.5,0.0,1664,1.0,0.5432692307692307,0.700123457792362,1165.0054337664903,0.5420673076923077
GBPCHF,0.5,1.5,1664,1.0,0.5432692307692307,-0.6663462285282938,-1108.800124271081,0.484375
GBPCHF,0.5,3.0,1664,1.0,0.5432692307692307,-2.03281591484895,-3382.605682308653,0.421875
GBPCHF,0.55,0.0,331,0.19891826923076922,0.5921450151057401,2.0510452498862417,678.8959777123459,0.5891238670694864
GBPCHF,0.55,1.5,331,0.19891826923076922,0.5921450151057401,0.6824083371507221,225.87715959688904,0.5196374622356495
GBPCHF,0.55,3.0,331,0.19891826923076922,0.5921450151057401,-0.6862285755847976,-227.141658518568,0.44410876132930516
GBPCHF,0.6,0.0,14,0.008413461538461538,0.6428571428571429,2.8716963167852683,40.203748434993756,0.6428571428571429
GBPCHF,0.6,1.5,14,0.008413461538461538,0.6428571428571429,1.5263260458835923,21.36856464237029,0.6428571428571429
GBPCHF,0.6,3.0,14,0.008413461538461538,0.6428571428571429,0.18095577498191817,2.5333808497468544,0.5714285714285714
GBPCHF,0.65,0.0,3,0.0018028846153846155,1.0,6.626978052734304,19.880934158202912,1.0
GBPCHF,0.65,1.5,3,0.0018028846153846155,1.0,5.294149345659395,15.882448036978186,1.0
GBPCHF,0.65,3.0,3,0.0018028846153846155,1.0,3.961320638584487,11.88396191575346,0.6666666666666666
GBPCHF,0.7,0.0,0,0.0,,,0.0,
GBPCHF,0.7,1.5,0,0.0,,,0.0,
GBPCHF,0.7,3.0,0,0.0,,,0.0,
GBPJPY,0.5,0.0,2624,1.0,0.5015243902439024,-0.41310319329590484,-1083.9827792084543,0.5011432926829268
GBPJPY,0.5,1.5,2624,1.0,0.5015243902439024,-1.1949653623413068,-3135.589110783589,0.4737042682926829
GBPJPY,0.5,3.0,2624,1.0,0.5015243902439024,-1.9768275313867087,-5187.195442358724,0.44702743902439024
GBPJPY,0.55,0.0,73,0.027820121951219513,0.4931506849315068,0.44088871558743675,32.18487623788288,0.4931506849315068
GBPJPY,0.55,1.5,73,0.027820121951219513,0.4931506849315068,-0.3493899062364878,-25.50546315526361,0.4520547945205479
GBPJPY,0.55,3.0,73,0.027820121951219513,0.4931506849315068,-1.1396685280604122,-83.19580254841009,0.4383561643835616
GBPJPY,0.6,0.0,1,0.00038109756097560977,1.0,14.89293433184713,14.89293433184713,1.0
GBPJPY,0.6,1.5,1,0.00038109756097560977,1.0,13.984828579905297,13.984828579905297,1.0
GBPJPY,0.6,3.0,1,0.00038109756097560977,1.0,13.076722827963463,13.076722827963463,1.0
GBPJPY,0.65,0.0,0,0.0,,,0.0,
GBPJPY,0.65,1.5,0,0.0,,,0.0,
GBPJPY,0.65,3.0,0,0.0,,,0.0,
GBPJPY,0.7,0.0,0,0.0,,,0.0,
GBPJPY,0.7,1.5,0,0.0,,,0.0,
GBPJPY,0.7,3.0,0,0.0,,,0.0,
GBPNZD,0.5,0.0,2876,1.0,0.5052155771905424,0.47032640220422767,1352.6587327393588,0.5045201668984701
GBPNZD,0.5,1.5,2876,1.0,0.5052155771905424,-0.22462415116744633,-646.0190587575756,0.48956884561891517
GBPNZD,0.5,3.0,2876,1.0,0.5052155771905424,-0.9195747045391205,-2644.6968502545105,0.467663421418637
GBPNZD,0.55,0.0,627,0.21801112656467317,0.5550239234449761,1.6406407361963884,1028.6817415951355,0.5550239234449761
GBPNZD,0.55,1.5,627,0.21801112656467317,0.5550239234449761,0.9472624811564125,593.9335756850707,0.5374800637958532
GBPNZD,0.55,3.0,627,0.21801112656467317,0.5550239234449761,0.25388422611643663,159.18540977500575,0.5055821371610846
GBPNZD,0.6,0.0,97,0.03372739916550765,0.6288659793814433,3.398062152153825,329.61202875892104,0.6288659793814433
GBPNZD,0.6,1.5,97,0.03372739916550765,0.6288659793814433,2.6995691066637746,261.8582033463861,0.6185567010309279
GBPNZD,0.6,3.0,97,0.03372739916550765,0.6288659793814433,2.0010760611737224,194.10437793385105,0.6082474226804123
GBPNZD,0.65,0.0,17,0.005910987482614743,0.8823529411764706,10.929545096278812,185.8022666367398,0.8823529411764706
GBPNZD,0.65,1.5,17,0.005910987482614743,0.8823529411764706,10.226235072284142,173.84599622883042,0.8823529411764706
GBPNZD,0.65,3.0,17,0.005910987482614743,0.8823529411764706,9.52292504828947,161.88972582092097,0.8823529411764706
GBPNZD,0.7,0.0,0,0.0,,,0.0,
GBPNZD,0.7,1.5,0,0.0,,,0.0,
GBPNZD,0.7,3.0,0,0.0,,,0.0,
GBPUSD,0.5,0.0,2810,1.0,0.5071174377224199,0.190612602581626,535.621413254369,0.5060498220640569
GBPUSD,0.5,1.5,2810,1.0,0.5071174377224199,-0.9708465989464127,-2728.0789430394198,0.4697508896797153
GBPUSD,0.5,3.0,2810,1.0,0.5071174377224199,-2.1323058004744513,-5991.779299333208,0.4302491103202847
GBPUSD,0.55,0.0,302,0.10747330960854093,0.5298013245033113,-0.18205296105174584,-54.979994237627245,0.5298013245033113
GBPUSD,0.55,1.5,302,0.10747330960854093,0.5298013245033113,-1.346751145469355,-406.7188459317452,0.48013245033112584
GBPUSD,0.55,3.0,302,0.10747330960854093,0.5298013245033113,-2.5114493298869642,-758.4576976258631,0.4304635761589404
GBPUSD,0.6,0.0,6,0.002135231316725979,0.6666666666666666,3.833924555788533,23.0035473347312,0.6666666666666666
GBPUSD,0.6,1.5,6,0.002135231316725979,0.6666666666666666,2.656475472941732,15.938852837650392,0.6666666666666666
GBPUSD,0.6,3.0,6,0.002135231316725979,0.6666666666666666,1.4790263900949299,8.87415834056958,0.6666666666666666
GBPUSD,0.65,0.0,0,0.0,,,0.0,
GBPUSD,0.65,1.5,0,0.0,,,0.0,
GBPUSD,0.65,3.0,0,0.0,,,0.0,
GBPUSD,0.7,0.0,0,0.0,,,0.0,
GBPUSD,0.7,1.5,0,0.0,,,0.0,
GBPUSD,0.7,3.0,0,0.0,,,0.0,
NZDCAD,0.5,0.0,2544,1.0,0.5314465408805031,1.1734048657441136,2985.1419784530253,0.527122641509434
NZDCAD,0.5,1.5,2544,1.0,0.5314465408805031,-0.6545235955402381,-1665.1080270543657,0.4736635220125786
NZDCAD,0.5,3.0,2544,1.0,0.5314465408805031,-2.48245205682459,-6315.358032561757,0.42059748427672955
NZDCAD,0.55,0.0,611,0.24017295597484276,0.5941080196399345,2.8151692315019634,1720.0684004476996,0.5875613747954174
NZDCAD,0.55,1.5,611,0.24017295597484276,0.5941080196399345,0.9884726061621877,603.9567623650967,0.5237315875613748
NZDCAD,0.55,3.0,611,0.24017295597484276,0.5941080196399345,-0.8382240191775876,-512.154875717506,0.4582651391162029
NZDCAD,0.6,0.0,200,0.07861635220125786,0.605,3.7360555537774336,747.2111107554867,0.605
NZDCAD,0.6,1.5,200,0.07861635220125786,0.605,1.9139993442021688,382.79986884043376,0.535
NZDCAD,0.6,3.0,200,0.07861635220125786,0.605,0.09194313462690375,18.38862692538075,0.45
NZDCAD,0.65,0.0,26,0.010220125786163521,0.5384615384615384,3.241027467640494,84.26671415865285,0.5384615384615384
NZDCAD,0.65,1.5,26,0.010220125786163521,0.5384615384615384,1.4349595969584181,37.30894952091887,0.5
NZDCAD,0.65,3.0,26,0.010220125786163521,0.5384615384615384,-0.37110827372365773,-9.6488151168151,0.4230769230769231
NZDCAD,0.7,0.0,1,0.00039308176100628933,1.0,15.40684828434502,15.40684828434502,1.0
NZDCAD,0.7,1.5,1,0.00039308176100628933,1.0,13.615354297793168,13.615354297793168,1.0
NZDCAD,0.7,3.0,1,0.00039308176100628933,1.0,11.823860311241315,11.823860311241315,1.0
NZDCHF,0.5,0.0,2526,1.0,0.5649247822644498,1.9508397273183542,4927.8211512061625,0.563341250989707
NZDCHF,0.5,1.5,2526,1.0,0.5649247822644498,-1.0181121840599063,-2571.7513769353236,0.49287410926365793
NZDCHF,0.5,3.0,2526,1.0,0.5649247822644498,-3.987064095438167,-10071.32390507681,0.42161520190023755
NZDCHF,0.55,0.0,763,0.3020585906571655,0.6631716906946264,4.825587618157408,3681.923352654103,0.6579292267365662
NZDCHF,0.55,1.5,763,0.3020585906571655,0.6631716906946264,1.8443852952721091,1407.2659802926194,0.5950196592398427
NZDCHF,0.55,3.0,763,0.3020585906571655,0.6631716906946264,-1.136817027613189,-867.3913920688633,0.5072083879423329
NZDCHF,0.6,0.0,434,0.17181314330958036,0.6751152073732719,6.007248401536313,2607.14580626676,0.6705069124423964
NZDCHF,0.6,1.5,434,0.17181314330958036,0.6751152073732719,3.0201219402686754,1310.732922076605,0.6059907834101382
NZDCHF,0.6,3.0,434,0.17181314330958036,0.6751152073732719,0.03299547900103803,14.320037886450507,0.5046082949308756
NZDCHF,0.65,0.0,121,0.04790182106096595,0.6776859504132231,6.187995794322901,748.747491113071,0.6776859504132231
NZDCHF,0.65,1.5,121,0.04790182106096595,0.6776859504132231,3.2055049782958265,387.866102373795,0.628099173553719
NZDCHF,0.65,3.0,121,0.04790182106096595,0.6776859504132231,0.2230141622687515,26.984713634518933,0.4793388429752066
NZDCHF,0.7,0.0,12,0.004750593824228029,0.5833333333333334,4.100337292227696,49.20404750673235,0.5833333333333334
NZDCHF,0.7,1.5,12,0.004750593824228029,0.5833333333333334,1.1627458212101947,13.952949854522336,0.5833333333333334
NZDCHF,0.7,3.0,12,0.004750593824228029,0.5833333333333334,-1.7748456498073064,-21.298147797687676,0.5
NZDJPY,0.5,0.0,2680,1.0,0.5279850746268657,1.196410806999049,3206.380962757451,0.5264925373134328
NZDJPY,0.5,1.5,2680,1.0,0.5279850746268657,-0.48892512356630435,-1310.3193311576956,0.48955223880597015
NZDJPY,0.5,3.0,2680,1.0,0.5279850746268657,-2.1742610541316574,-5827.019625072842,0.45746268656716416
NZDJPY,0.55,0.0,389,0.1451492537313433,0.570694087403599,2.668688191342407,1038.1197064321964,0.5681233933161953
NZDJPY,0.55,1.5,389,0.1451492537313433,0.570694087403599,0.9922945262746232,386.00257072082843,0.5141388174807198
NZDJPY,0.55,3.0,389,0.1451492537313433,0.570694087403599,-0.6840991387931608,-266.1145649905395,0.4832904884318766
NZDJPY,0.6,0.0,70,0.026119402985074626,0.6428571428571429,4.691069185688686,328.37484299820807,0.6428571428571429
NZDJPY,0.6,1.5,70,0.026119402985074626,0.6428571428571429,3.0166348398618483,211.16443879032937,0.5857142857142857
NZDJPY,0.6,3.0,70,0.026119402985074626,0.6428571428571429,1.3422004940350099,93.95403458245069,0.5714285714285714
NZDJPY,0.65,0.0,1,0.00037313432835820896,1.0,10.808046765140578,10.808046765140578,1.0
NZDJPY,0.65,1.5,1,0.00037313432835820896,1.0,9.064813415924451,9.064813415924451,1.0
NZDJPY,0.65,3.0,1,0.00037313432835820896,1.0,7.321580066708326,7.321580066708326,1.0
NZDJPY,0.7,0.0,0,0.0,,,0.0,
NZDJPY,0.7,1.5,0,0.0,,,0.0,
NZDJPY,0.7,3.0,0,0.0,,,0.0,
NZDUSD,0.5,0.0,2879,1.0,0.5199722125738103,0.3253811321417035,936.7722794359644,0.5182354984369573
NZDUSD,0.5,1.5,2879,1.0,0.5199722125738103,-2.1868809320883047,-6296.030203482229,0.46370267453977076
NZDUSD,0.5,3.0,2879,1.0,0.5199722125738103,-4.699142996318312,-13528.83268640042,0.403959708232025
NZDUSD,0.55,0.0,510,0.17714484195901353,0.5098039215686274,0.5637430299207914,287.5089452596036,0.5058823529411764
NZDUSD,0.55,1.5,510,0.17714484195901353,0.5098039215686274,-1.9475845870899489,-993.268139415874,0.4392156862745098
NZDUSD,0.55,3.0,510,0.17714484195901353,0.5098039215686274,-4.45891220410069,-2274.045224091352,0.3764705882352941
NZDUSD,0.6,0.0,72,0.025008683570684264,0.5416666666666666,2.9972279838433775,215.80041483672318,0.5416666666666666
NZDUSD,0.6,1.5,72,0.025008683570684264,0.5416666666666666,0.4916404281571087,35.398110827311825,0.4722222222222222
NZDUSD,0.6,3.0,72,0.025008683570684264,0.5416666666666666,-2.0139471275291596,-145.0041931820995,0.4166666666666667
NZDUSD,0.65,0.0,5,0.0017367141368530739,0.4,7.458264084877486,37.29132042438743,0.4
NZDUSD,0.65,1.5,5,0.0017367141368530739,0.4,4.928974021139576,24.64487010569788,0.4
NZDUSD,0.65,3.0,5,0.0017367141368530739,0.4,2.3996839574016655,11.998419787008327,0.4
NZDUSD,0.7,0.0,0,0.0,,,0.0,
NZDUSD,0.7,1.5,0,0.0,,,0.0,
NZDUSD,0.7,3.0,0,0.0,,,0.0,
USDCAD,0.5,0.0,2879,1.0,0.5112886418895449,0.3712806339950205,1068.916945271664,0.5081625564432094
USDCAD,0.5,1.5,2879,1.0,0.5112886418895449,-0.720542266638928,-2074.4411856534734,0.4654393886766238
USDCAD,0.5,3.0,2879,1.0,0.5112886418895449,-1.8123651672728764,-5217.799316578611,0.42063216394581454
USDCAD,0.55,0.0,451,0.15665161514414727,0.5077605321507761,0.22337610982236117,100.74262552988489,0.5033259423503326
USDCAD,0.55,1.5,451,0.15665161514414727,0.5077605321507761,-0.8674262557911053,-391.2092413617885,0.4700665188470067
USDCAD,0.55,3.0,451,0.15665161514414727,0.5077605321507761,-1.9582286214045717,-883.1611082534619,0.42572062084257206
USDCAD,0.6,0.0,0,0.0,,,0.0,
USDCAD,0.6,1.5,0,0.0,,,0.0,
USDCAD,0.6,3.0,0,0.0,,,0.0,
USDCAD,0.65,0.0,0,0.0,,,0.0,
USDCAD,0.65,1.5,0,0.0,,,0.0,
USDCAD,0.65,3.0,0,0.0,,,0.0,
USDCAD,0.7,0.0,0,0.0,,,0.0,
USDCAD,0.7,1.5,0,0.0,,,0.0,
USDCAD,0.7,3.0,0,0.0,,,0.0,
USDCHF,0.5,0.0,2879,1.0,0.5276137547759638,0.722875480252925,2081.158507648171,0.5258770406391108
USDCHF,0.5,1.5,2879,1.0,0.5276137547759638,-1.036110885580003,-2982.9632395848284,0.4696075026050712
USDCHF,0.5,3.0,2879,1.0,0.5276137547759638,-2.795097251412931,-8047.084986817828,0.4147273358805141
USDCHF,0.55,0.0,649,0.225425494963529,0.5485362095531587,1.1110672068513512,721.0826172465269,0.5469953775038521
USDCHF,0.55,1.5,649,0.225425494963529,0.5485362095531587,-0.6440181908345375,-417.96780585161486,0.4946070878274268
USDCHF,0.55,3.0,649,0.225425494963529,0.5485362095531587,-2.399103588520426,-1557.0182289497563,0.4422187981510015
USDCHF,0.6,0.0,107,0.037165682528655784,0.5514018691588785,3.2647662280450502,349.32998640082036,0.5514018691588785
USDCHF,0.6,1.5,107,0.037165682528655784,0.5514018691588785,1.5188802995684962,162.5201920538291,0.5046728971962616
USDCHF,0.6,3.0,107,0.037165682528655784,0.5514018691588785,-0.2270056289080573,-24.289602293162133,0.45794392523364486
USDCHF,0.65,0.0,26,0.009030913511635985,0.4230769230769231,1.8694767845826534,48.60639639914899,0.4230769230769231
USDCHF,0.65,1.5,26,0.009030913511635985,0.4230769230769231,0.12359738704452329,3.2135320631576056,0.38461538461538464
USDCHF,0.65,3.0,26,0.009030913511635985,0.4230769230769231,-1.6222820104936064,-42.17933227283377,0.34615384615384615
USDCHF,0.7,0.0,5,0.0017367141368530739,0.2,-1.2961701167362172,-6.480850583681086,0.2
USDCHF,0.7,1.5,5,0.0017367141368530739,0.2,-3.0241295248450015,-15.120647624225008,0.2
USDCHF,0.7,3.0,5,0.0017367141368530739,0.2,-4.752088932953788,-23.76044466476894,0.2
USDJPY,0.5,0.0,2879,1.0,0.5283084404307051,0.43638105602450933,1256.3410602945623,0.5258770406391108
USDJPY,0.5,1.5,2879,1.0,0.5283084404307051,-0.5709372418892629,-1643.7283193991877,0.49392150052101425
USDJPY,0.5,3.0,2879,1.0,0.5283084404307051,-1.578255539803035,-4543.797699092937,0.4626606460576589
USDJPY,0.55,0.0,725,0.2518235498436957,0.5337931034482759,0.5629408309186652,408.13210241603224,0.5310344827586206
USDJPY,0.55,1.5,725,0.2518235498436957,0.5337931034482759,-0.4265052026620303,-309.216271929972,0.5075862068965518
USDJPY,0.55,3.0,725,0.2518235498436957,0.5337931034482759,-1.4159512362427256,-1026.564646275976,0.4786206896551724
USDJPY,0.6,0.0,70,0.024313997915943037,0.5,-2.058235048760031,-144.07645341320216,0.5
USDJPY,0.6,1.5,70,0.024313997915943037,0.5,-3.04999964757501,-213.49997533025072,0.45714285714285713
USDJPY,0.6,3.0,70,0.024313997915943037,0.5,-4.041764246389987,-282.9234972472991,0.44285714285714284
USDJPY,0.65,0.0,0,0.0,,,0.0,
USDJPY,0.65,1.5,0,0.0,,,0.0,
USDJPY,0.65,3.0,0,0.0,,,0.0,
USDJPY,0.7,0.0,0,0.0,,,0.0,
USDJPY,0.7,1.5,0,0.0,,,0.0,
USDJPY,0.7,3.0,0,0.0,,,0.0,
