symbol,task,horizon,bundle,model,development_balanced_accuracy,confidence_threshold,previously_inspected,accuracy_lift_ci_low,accuracy_lift_ci_high,n,accuracy,balanced_accuracy,auc,brier,majority_accuracy,baseline_brier,persistence_accuracy,persistence_balanced_accuracy,positive_rate,confident_n,confident_coverage,confident_accuracy,confident_positive_rate,confident_baseline_accuracy,confident_balanced_accuracy,confident_majority_accuracy
AUDCAD,direction,4,fomc,extra_trees,0.5207446561335918,0.5,False,0.0054186299383834,0.0601757883291047,2759,0.5338890902500906,0.5351063303190963,0.5500182202309862,0.2479755111275473,0.4769844146429866,0.2502178967893298,0.5009061254077565,0.5026050717540079,0.4769844146429866,2759,1.0,0.5338890902500906,0.4769844146429866,0.5009061254077565,0.5351063303190963,0.4769844146429866
AUDCAD,high_volatility,72,fomc,logistic,0.6278744931303362,0.65,False,0.0173010380622837,0.1107266435986159,289,0.6747404844290658,0.5865079365079365,0.6724867724867725,0.2088622071995312,0.6539792387543253,0.2290095085947871,0.6089965397923875,0.5786243386243386,0.3460207612456747,118,0.4083044982698962,0.788135593220339,0.2457627118644068,0.6864406779661016,0.6038357225881441,0.7542372881355932
AUDCHF,direction,4,fomc,extra_trees,0.5207446561335918,0.5,False,0.0347896749521988,0.0868164435946462,2615,0.5617590822179732,0.5667328042328043,0.5887242798353909,0.244985914329858,0.4646271510516252,0.250746111742967,0.5005736137667304,0.5029012345679011,0.4646271510516252,2615,1.0,0.5617590822179732,0.4646271510516252,0.5005736137667304,0.5667328042328043,0.4646271510516252
AUDCHF,high_volatility,72,fomc,logistic,0.6278744931303362,0.65,False,0.0291970802919708,0.1496350364963503,274,0.7226277372262774,0.6868319435894565,0.7495103251441043,0.1947986825243027,0.6094890510948905,0.2380876186462156,0.635036496350365,0.6183334266047344,0.3905109489051095,131,0.4781021897810219,0.7938931297709924,0.3129770992366412,0.732824427480916,0.7039295392953929,0.6870229007633588
AUDJPY,direction,4,fomc,extra_trees,0.5207446561335918,0.5,False,0.0072347266881028,0.0711515273311896,2488,0.52491961414791,0.5236455637304795,0.5310146276209032,0.2492391657267564,0.5044212218649518,0.2500825504709191,0.4863344051446945,0.4860667629562851,0.5044212218649518,2488,1.0,0.52491961414791,0.5044212218649518,0.4863344051446945,0.5236455637304795,0.5044212218649518
AUDJPY,high_volatility,72,fomc,logistic,0.6278744931303362,0.65,False,-0.0077220077220077,0.1196911196911196,259,0.7567567567567568,0.6863576594345825,0.8218277449046678,0.1672559420005259,0.6525096525096525,0.227677042638762,0.6988416988416989,0.6835305719921104,0.3474903474903475,151,0.583011583011583,0.8609271523178808,0.23841059602649,0.7814569536423841,0.7274154589371981,0.7615894039735099
AUDNZD,direction,4,fomc,extra_trees,0.5207446561335918,0.5,False,0.015284677111196,0.0714558654948414,2617,0.5368742835307604,0.5341387144803562,0.559249153708932,0.2465961544402219,0.5227359572029041,0.2497903031255888,0.4933129537638517,0.494387322723676,0.4772640427970959,2617,1.0,0.5368742835307604,0.4772640427970959,0.4933129537638517,0.5341387144803562,0.5227359572029041
AUDNZD,high_volatility,72,fomc,logistic,0.6278744931303362,0.65,False,0.0073260073260073,0.1648351648351648,273,0.663003663003663,0.6159003831417624,0.6880297225124811,0.2160032316407713,0.6373626373626373,0.231187357158162,0.5787545787545788,0.5454545454545454,0.3626373626373626,98,0.358974358974359,0.7551020408163265,0.2653061224489796,0.673469387755102,0.624465811965812,0.7346938775510204
AUDUSD,direction,4,fomc,extra_trees,0.5207446561335918,0.5,False,-0.0153113879003558,0.0409252669039145,2810,0.5202846975088968,0.5222612347804136,0.5302485872097944,0.2495895282935108,0.4879003558718861,0.2500817110971683,0.507473309608541,0.5077878967128583,0.4879003558718861,2810,1.0,0.5202846975088968,0.4879003558718861,0.507473309608541,0.5222612347804136,0.4879003558718861
AUDUSD,high_volatility,72,fomc,logistic,0.6278744931303362,0.65,False,0.0406779661016949,0.1457627118644067,295,0.711864406779661,0.6503606623996749,0.7273697043584273,0.1951909407775562,0.6542372881355932,0.2292459562390813,0.6203389830508474,0.5850350502895458,0.3457627118644067,141,0.4779661016949152,0.7943262411347518,0.2907801418439716,0.7163120567375887,0.6823170731707316,0.7092198581560284
CADCHF,direction,4,fomc,extra_trees,0.5207446561335918,0.5,False,0.0361883525708289,0.1049449108079748,1906,0.5535152151101784,0.5599758550416445,0.5785431065036328,0.2447036147212292,0.4616998950682057,0.2508008066208452,0.4837355718782791,0.4888545543150806,0.4616998950682057,1906,1.0,0.5535152151101784,0.4616998950682057,0.4837355718782791,0.5599758550416445,0.4616998950682057
CADCHF,high_volatility,72,fomc,logistic,0.6278744931303362,0.65,False,0.0,0.1173469387755102,196,0.7040816326530612,0.6361226808027263,0.7362110311750599,0.1890375488000073,0.7091836734693877,0.2124379493832432,0.6428571428571429,0.6033068282216332,0.2908163265306122,91,0.4642857142857143,0.8681318681318682,0.1538461538461538,0.7912087912087912,0.7175324675324675,0.8461538461538461
CADJPY,direction,4,fomc,extra_trees,0.5207446561335918,0.5,False,0.0174823222925195,0.0673706736136955,2687,0.5202828433196874,0.5200242106604469,0.5278610961833583,0.2496071715496411,0.5005582433941198,0.2501564512701493,0.4774841831038333,0.4774494595537925,0.5005582433941198,2687,1.0,0.5202828433196874,0.5005582433941198,0.4774841831038333,0.5200242106604469,0.5005582433941198
CADJPY,high_volatility,72,fomc,logistic,0.6278744931303362,0.65,False,0.0248226950354609,0.1206560283687942,282,0.7411347517730497,0.6868131868131868,0.8196703296703297,0.1677346662290613,0.6453900709219859,0.2306732286747605,0.6702127659574468,0.6476373626373626,0.3546099290780142,171,0.6063829787234043,0.847953216374269,0.2573099415204678,0.7719298245614035,0.7565318539727989,0.7426900584795322
CHFJPY,direction,4,fomc,extra_trees,0.5207446561335918,0.5,False,-0.0167059891107078,0.0464791288566243,2755,0.5088929219600726,0.5093367064590086,0.5189148022241548,0.2494117905448844,0.5045372050816697,0.2500121052450592,0.4929219600725952,0.4926924394550294,0.5045372050816697,2755,1.0,0.5088929219600726,0.5045372050816697,0.4929219600725952,0.5093367064590086,0.5045372050816697
CHFJPY,high_volatility,72,fomc,logistic,0.6278744931303362,0.65,False,-0.0069204152249134,0.0934256055363321,289,0.7058823529411765,0.6292359667359667,0.7540020790020789,0.1905821334366938,0.6401384083044983,0.230853443161241,0.6643598615916955,0.6431133056133056,0.3598615916955017,175,0.6055363321799307,0.7885714285714286,0.24,0.7257142857142858,0.6165413533834586,0.76
EURAUD,direction,4,fomc,extra_trees,0.5207446561335918,0.5,False,0.0392323723515109,0.093096561306009,2879,0.5474122959360889,0.5141272743185553,0.5559372963931811,0.246059213874756,0.5432441820076416,0.2491878008685018,0.4807224730809308,0.48313479136075,0.4567558179923585,2879,1.0,0.5474122959360889,0.4567558179923585,0.4807224730809308,0.5141272743185553,0.5432441820076416
EURAUD,high_volatility,72,fomc,logistic,0.6278744931303362,0.65,False,0.0,0.0924092409240924,303,0.66996699669967,0.6262446985063618,0.7247372303153237,0.2028531221585211,0.6171617161716172,0.2380527359770416,0.6237623762376238,0.6035404757514291,0.3828382838283828,130,0.429042904290429,0.8,0.3,0.7461538461538462,0.7032967032967032,0.7
EURCAD,direction,4,fomc,extra_trees,0.5207446561335918,0.5,False,0.0270174191254888,0.0824742268041237,2813,0.5343050124422325,0.5189800520276184,0.5259986142176407,0.2484432241627895,0.4777817276928546,0.2500180332705312,0.4802701741912549,0.482185909591883,0.4777817276928546,2813,1.0,0.5343050124422325,0.4777817276928546,0.4802701741912549,0.5189800520276184,0.4777817276928546
EURCAD,high_volatility,72,fomc,logistic,0.6278744931303362,0.65,False,-0.0338682432432432,0.1182432432432432,296,0.6452702702702703,0.6343167701863355,0.6891013198757764,0.2233425613981972,0.6216216216216216,0.2357205771844659,0.597972972972973,0.5753105590062112,0.3783783783783784,75,0.2533783783783784,0.7733333333333333,0.3866666666666666,0.6933333333333334,0.7578710644677662,0.6133333333333333
EURCHF,direction,4,fomc,extra_trees,0.5207446561335918,0.5,False,0.0201458839874956,0.0750260507120528,2879,0.5362973254602292,0.5335720974234717,0.5548388342391567,0.2479568227884116,0.5067731851337269,0.2499789988286039,0.4880166724557138,0.4884874359246638,0.493226814866273,2879,1.0,0.5362973254602292,0.493226814866273,0.4880166724557138,0.5335720974234717,0.5067731851337269
EURCHF,high_volatility,72,fomc,logistic,0.6278744931303362,0.65,False,-0.0066006600660066,0.0924092409240924,303,0.6534653465346535,0.5795043163464215,0.6777592128469321,0.220121644898262,0.6237623762376238,0.236805280049802,0.6105610561056105,0.5886243386243386,0.3762376237623762,202,0.6666666666666666,0.7227722772277227,0.2871287128712871,0.6683168316831684,0.5738745210727969,0.7128712871287128
EURGBP,direction,4,fomc,extra_trees,0.5207446561335918,0.5,False,0.029520295202952,0.0859870848708487,2710,0.5535055350553506,0.5162496471542994,0.5338704306481775,0.2463413033262208,0.4450184501845018,0.2501020544564589,0.4966789667896679,0.5030868485586253,0.4450184501845018,2710,1.0,0.5535055350553506,0.4450184501845018,0.4966789667896679,0.5162496471542994,0.44501845018450187
EURGBP,high_volatility,72,fomc,logistic,0.6278744931303362,0.65,False,-0.0386842105263157,0.1018421052631578,285,0.6140350877192983,0.6349206349206349,0.684867724867725,0.2319176718566639,0.631578947368421,0.2331586044178933,0.5824561403508772,0.5603174603174603,0.3684210526315789,76,0.2666666666666666,0.7105263157894737,0.3947368421052631,0.7105263157894737,0.7434782608695653,0.6052631578947368
EURJPY,direction,4,fomc,extra_trees,0.5207446561335918,0.5,False,-0.0042568286626463,0.0475434551259311,2819,0.5225257183398369,0.5196726473892911,0.5253644109214948,0.2493794537214956,0.5157857396239801,0.2497894959776903,0.5001773678609436,0.4988827083049917,0.5157857396239801,2819,1.0,0.5225257183398369,0.5157857396239801,0.5001773678609436,0.5196726473892911,0.5157857396239801
EURJPY,high_volatility,72,fomc,logistic,0.6278744931303362,0.65,False,0.0168918918918918,0.1081081081081081,296,0.7094594594594594,0.6649844720496895,0.788577251552795,0.1804297816251464,0.6216216216216216,0.2352632091200907,0.6486486486486487,0.624805900621118,0.3783783783783784,166,0.5608108108108109,0.8313253012048193,0.3132530120481928,0.7650602409638554,0.7621457489878543,0.6867469879518072
EURNZD,direction,4,fomc,extra_trees,0.5207446561335918,0.5,False,-0.0098039215686274,0.063367269984917,1326,0.5150829562594268,0.5026313151563753,0.5255909637675876,0.249760449923601,0.5188536953242836,0.2497134966092293,0.4894419306184012,0.4904520850040096,0.4811463046757164,1326,1.0,0.5150829562594268,0.4811463046757164,0.4894419306184012,0.5026313151563753,0.5188536953242836
EURNZD,high_volatility,72,fomc,logistic,0.6278744931303362,0.65,False,-0.037781954887218,0.112781954887218,133,0.7368421052631579,0.6079244031830239,0.7536472148541115,0.1658229292356413,0.7819548872180451,0.1894631349657112,0.6992481203007519,0.6211870026525199,0.2180451127819548,70,0.5263157894736842,0.8428571428571429,0.1285714285714285,0.7571428571428571,0.5783242258652095,0.8714285714285714
EURUSD,direction,4,fomc,extra_trees,0.5207446561335918,0.5,True,-0.0065995137200416,0.0482893365751997,2879,0.5158040986453629,0.512522001934236,0.5233718568665378,0.2499734821747874,0.4775963876345953,0.2502055270561618,0.4956582146578673,0.4968268858800774,0.4775963876345953,2879,1.0,0.5158040986453629,0.4775963876345953,0.4956582146578673,0.512522001934236,0.47759638763459533
EURUSD,high_volatility,72,fomc,logistic,0.6278744931303362,0.65,True,0.0561056105610561,0.1485148514851485,303,0.6897689768976898,0.6154343453692175,0.7041471123455608,0.2048827542863605,0.6501650165016502,0.229766103626393,0.5907590759075908,0.5545445838521215,0.3498349834983498,138,0.4554455445544554,0.8115942028985508,0.2318840579710145,0.717391304347826,0.6591981132075472,0.7681159420289855
GBPAUD,direction,4,fomc,extra_trees,0.5207446561335918,0.5,False,-0.0029573299535276,0.0561892691170257,2367,0.5289395859738065,0.5082321239782368,0.5561536433935289,0.2466432451665763,0.5285171102661597,0.2497632608827125,0.5031685678073511,0.5046414481318171,0.4714828897338403,2367,1.0,0.5289395859738065,0.4714828897338403,0.5031685678073511,0.5082321239782368,0.5285171102661597
GBPAUD,high_volatility,72,fomc,logistic,0.6278744931303362,0.65,False,0.0447154471544715,0.1585365853658536,246,0.7276422764227642,0.7215608465608465,0.8041593180482071,0.1896513420259709,0.6585365853658537,0.2291922469328634,0.6300813008130082,0.5958994708994709,0.3414634146341463,76,0.3089430894308943,0.9078947368421052,0.3289473684210526,0.8026315789473685,0.8803921568627451,0.6710526315789473
GBPCAD,direction,4,fomc,extra_trees,0.5207446561335918,0.5,False,-0.0238268752221827,0.0348471382865268,2813,0.4976892996800569,0.5080571796911209,0.522631646053806,0.2505051151807781,0.5151084251688589,0.2499263255782957,0.492356914326342,0.491355399314726,0.5151084251688589,2813,1.0,0.4976892996800569,0.5151084251688589,0.492356914326342,0.5080571796911209,0.5151084251688589
GBPCAD,high_volatility,72,fomc,logistic,0.6278744931303362,0.65,False,-0.0371621621621621,0.081081081081081,296,0.6013513513513513,0.5828771929824561,0.6406549707602339,0.2288830869068388,0.5777027027027027,0.2443966266479357,0.581081081081081,0.5707134502923976,0.4222972972972973,92,0.3108108108108108,0.782608695652174,0.3695652173913043,0.6956521739130435,0.7302231237322515,0.6304347826086957
GBPCHF,direction,4,fomc,extra_trees,0.5207446561335918,0.5,False,0.0048076923076923,0.0757211538461538,1664,0.5432692307692307,0.5430072767192714,0.5577892427207496,0.2475316903735457,0.4825721153846153,0.2504608503308437,0.5018028846153846,0.5028956453948101,0.4825721153846153,1664,1.0,0.5432692307692307,0.4825721153846153,0.5018028846153846,0.5430072767192714,0.48257211538461536
GBPCHF,high_volatility,72,fomc,logistic,0.6278744931303362,0.65,False,0.0,0.1479289940828402,169,0.7337278106508875,0.6984385165907612,0.7724463240078074,0.1822315833462705,0.6863905325443787,0.2152872915657736,0.6568047337278107,0.6321567989590111,0.3136094674556213,97,0.5739644970414202,0.845360824742268,0.2474226804123711,0.7938144329896907,0.7574200913242009,0.7525773195876289
GBPJPY,direction,4,fomc,extra_trees,0.5207446561335918,0.5,False,-0.0221036585365853,0.0385003810975609,2624,0.5015243902439024,0.5016721979621543,0.5026393013100436,0.2505421918063156,0.5236280487804879,0.2496403561073996,0.493140243902439,0.4913560407569141,0.5236280487804879,2624,1.0,0.5015243902439024,0.5236280487804879,0.493140243902439,0.5016721979621543,0.5236280487804879
GBPJPY,high_volatility,72,fomc,logistic,0.6278744931303362,0.65,False,0.0,0.0945454545454545,275,0.72,0.6549636803874092,0.7948230139513434,0.1758964974441573,0.6436363636363637,0.2294891629169362,0.6727272727272727,0.6523982474345671,0.3563636363636364,164,0.5963636363636363,0.8353658536585366,0.2621951219512195,0.7560975609756098,0.7235248894868345,0.7378048780487805
GBPNZD,direction,4,fomc,extra_trees,0.5207446561335918,0.5,False,-0.0281815020862308,0.0229485396383866,2876,0.5052155771905424,0.503747497315962,0.5291428488523924,0.2496197120578901,0.5027816411682893,0.2499924374356417,0.5076495132127955,0.5077928986642679,0.4972183588317107,2876,1.0,0.5052155771905424,0.4972183588317107,0.5076495132127955,0.503747497315962,0.5027816411682893
GBPNZD,high_volatility,72,fomc,logistic,0.6278744931303362,0.65,False,-0.0364238410596026,0.0562913907284768,302,0.6026490066225165,0.5577537593984963,0.593421052631579,0.2350129134367198,0.6291390728476821,0.2341252380546352,0.5927152317880795,0.5755169172932331,0.3708609271523179,97,0.3211920529801324,0.6907216494845361,0.4020618556701031,0.711340206185567,0.6615826702033598,0.5979381443298969
GBPUSD,direction,4,fomc,extra_trees,0.5207446561335918,0.5,True,-0.0110409252669039,0.0480516014234875,2810,0.5071174377224199,0.5058956288738361,0.5130311893208803,0.2501796886771757,0.4918149466192171,0.2500388824890667,0.4903914590747331,0.4907793073814185,0.4918149466192171,2810,1.0,0.5071174377224199,0.4918149466192171,0.4903914590747331,0.5058956288738361,0.4918149466192171
GBPUSD,high_volatility,72,fomc,logistic,0.6278744931303362,0.65,True,0.054054054054054,0.1655405405405405,296,0.6554054054054054,0.6045263310604961,0.6367812756903138,0.2203279904909235,0.6182432432432432,0.2364204789886916,0.5472972972972973,0.5255573286909425,0.3817567567567567,117,0.3952702702702703,0.7094017094017094,0.358974358974359,0.6068376068376068,0.6266666666666667,0.6410256410256411
NZDCAD,direction,4,fomc,extra_trees,0.5207446561335918,0.5,False,0.0046973270440251,0.0542452830188679,2544,0.5314465408805031,0.5298983404292292,0.5414507900649181,0.2481677452036556,0.4677672955974842,0.250184942295408,0.5023584905660378,0.5031317105867458,0.4677672955974842,2544,1.0,0.5314465408805031,0.4677672955974842,0.5023584905660378,0.5298983404292292,0.46776729559748426
NZDCAD,high_volatility,72,fomc,logistic,0.6278744931303362,0.65,False,-0.0075471698113207,0.1283018867924528,265,0.6528301886792452,0.599343185550082,0.6705822912719464,0.2132170799403357,0.6566037735849056,0.228498999449333,0.5962264150943396,0.55623973727422,0.3433962264150943,108,0.4075471698113208,0.7685185185185185,0.2777777777777778,0.6666666666666666,0.6448717948717949,0.7222222222222222
NZDCHF,direction,4,fomc,extra_trees,0.5207446561335918,0.5,False,0.029681314330958,0.0851247030878859,2526,0.5649247822644498,0.5710425487860707,0.5940506289839821,0.2419330695633972,0.4501187648456057,0.2504330585816821,0.5079176563737133,0.5126645277348788,0.4501187648456057,2526,1.0,0.5649247822644498,0.4501187648456057,0.5079176563737133,0.5710425487860707,0.4501187648456057
NZDCHF,high_volatility,72,fomc,logistic,0.6278744931303362,0.65,False,0.0,0.1102661596958174,263,0.6501901140684411,0.5873983739837398,0.6833579699433359,0.2117003250807999,0.623574144486692,0.2347437741697523,0.596958174904943,0.5767430401576743,0.376425855513308,118,0.4486692015209125,0.7372881355932204,0.2966101694915254,0.6610169491525424,0.5984509466437178,0.7033898305084746
NZDJPY,direction,4,fomc,extra_trees,0.5207446561335918,0.5,False,0.0156623134328358,0.0753731343283582,2680,0.5279850746268657,0.5283157519851123,0.5381258043139373,0.2485882492689789,0.4861940298507463,0.250384504901054,0.4832089552238806,0.4840828745016667,0.4861940298507463,2680,1.0,0.5279850746268657,0.4861940298507463,0.4832089552238806,0.5283157519851123,0.4861940298507463
NZDJPY,high_volatility,72,fomc,logistic,0.6278744931303362,0.65,False,-0.0249110320284697,0.0711743772241993,281,0.6761565836298933,0.6212556306306306,0.714527027027027,0.201076942806434,0.6583629893238434,0.2257891543103559,0.6512455516014235,0.6223817567567568,0.3416370106761566,143,0.5088967971530249,0.7902097902097902,0.2727272727272727,0.7482517482517482,0.7115384615384615,0.7272727272727273
NZDUSD,direction,4,fomc,extra_trees,0.5207446561335918,0.5,False,-0.0139023966655088,0.0347429663077457,2879,0.5199722125738103,0.514778693041738,0.5164815190803531,0.2503663022728116,0.5206668982285516,0.2499158458244004,0.5098992705800626,0.5098802583364755,0.4793331017714484,2879,1.0,0.5199722125738103,0.4793331017714484,0.5098992705800626,0.514778693041738,0.5206668982285516
NZDUSD,high_volatility,72,fomc,logistic,0.6278744931303362,0.65,False,-0.0033003300330033,0.1056105610561056,303,0.6171617161716172,0.5668715846994535,0.6163479052823315,0.2304674785697419,0.6039603960396039,0.2393280066356644,0.5643564356435643,0.5403688524590163,0.396039603960396,133,0.4389438943894389,0.7142857142857143,0.3609022556390977,0.6240601503759399,0.6313725490196078,0.6390977443609023
USDCAD,direction,4,fomc,extra_trees,0.5207446561335918,0.5,False,-0.0066168808614102,0.0503647099687391,2879,0.5112886418895449,0.5128816872179726,0.5186689510388264,0.2503068350398918,0.4963529003126085,0.2500096825055295,0.4901007294199375,0.4900938683912068,0.5036470996873914,2879,1.0,0.5112886418895449,0.5036470996873914,0.4901007294199375,0.5128816872179726,0.49635290031260854
USDCAD,high_volatility,72,fomc,logistic,0.6278744931303362,0.65,False,-0.0198019801980198,0.099009900990099,303,0.6402640264026402,0.5888231981981982,0.6865615615615617,0.2113492547808927,0.6336633663366337,0.2326926049347712,0.6006600660066007,0.5670748873873874,0.3663366336633663,99,0.3267326732673267,0.8282828282828283,0.3232323232323232,0.696969696969697,0.7670242537313433,0.6767676767676768
USDCHF,direction,4,fomc,extra_trees,0.5207446561335918,0.5,False,-0.0055661688086141,0.0465526224383466,2879,0.5276137547759638,0.5276054937842638,0.5286025210408463,0.2501317400107402,0.4998263285863147,0.2500141095973813,0.5067731851337269,0.506774090803799,0.4998263285863147,2879,1.0,0.5276137547759638,0.4998263285863147,0.5067731851337269,0.5276054937842638,0.4998263285863147
USDCHF,high_volatility,72,fomc,logistic,0.6278744931303362,0.65,False,0.0396039603960396,0.132013201320132,303,0.6468646864686468,0.5998070030328094,0.7100450326256778,0.2084925907214763,0.6138613861386139,0.2377803211680835,0.5643564356435643,0.5389440308795147,0.3861386138613861,116,0.3828382838283828,0.8189655172413793,0.2672413793103448,0.6810344827586207,0.6920303605313093,0.7327586206896551
USDJPY,direction,4,fomc,extra_trees,0.5207446561335918,0.5,True,0.0246526571726293,0.0764241055922195,2879,0.5283084404307051,0.5276053096916407,0.5409015817648911,0.2495165401098618,0.5310871830496701,0.2497623891494299,0.4782910732893365,0.4762665019499552,0.5310871830496701,2879,1.0,0.5283084404307051,0.5310871830496701,0.4782910732893365,0.5276053096916407,0.5310871830496701
USDJPY,high_volatility,72,fomc,logistic,0.6278744931303362,0.65,True,-0.0429042904290429,0.033003300330033,303,0.6336633663366337,0.5722847132583441,0.7377835146597824,0.2021501145013195,0.6171617161716172,0.2362787898371651,0.636963696369637,0.6142356629172046,0.3828382838283828,193,0.636963696369637,0.7668393782383419,0.2901554404145077,0.7046632124352331,0.6562825860271115,0.7098445595854922
