task,horizon,bundle,model,accuracy,balanced_accuracy,ba_std,auc,brier,baseline_brier,majority_accuracy,persistence_balanced_accuracy,evaluations,selection_score
high_volatility,72,fomc,logistic,0.6582317113659517,0.6278744931303362,0.037199491726861,0.701528393657045,0.2111870235062816,0.23738310593734507,0.6126333014868235,0.5950842345596069,14,0.6092747472669057
high_volatility,72,cot_exploratory,logistic,0.6533210442329072,0.6243154160996294,0.038868760191771975,0.689982468734493,0.21605904346564292,0.23738310593734507,0.6126333014868235,0.5950842345596069,14,0.6048810360037434
high_volatility,72,context,logistic,0.6552074129144488,0.6157273387221445,0.03509938098665266,0.6910861149820452,0.21238473134762054,0.23738310593734507,0.6126333014868235,0.5950842345596069,14,0.5981776482288181
high_volatility,72,fomc,xgboost,0.6453645394928483,0.6106918757911016,0.026308024358530205,0.6775815255157323,0.21862046731254062,0.23738310593734507,0.6126333014868235,0.5950842345596069,14,0.5975378636118365
high_volatility,72,fomc,hist_boost,0.6418252406157999,0.6085831229637633,0.029353396984926127,0.6768812874506406,0.21953557974436808,0.23738310593734507,0.6126333014868235,0.5950842345596069,14,0.5939064244713002
high_volatility,72,fomc,catboost,0.6429178404881201,0.6106435934389184,0.03428197440830016,0.6793075459482728,0.21889170773838534,0.23738310593734507,0.6126333014868235,0.5950842345596069,14,0.5935026062347684
high_volatility,4,context,hist_boost,0.7549416496632988,0.6149262303757498,0.04516507030544841,0.7663911533559427,0.16431452420147272,0.20105468766011872,0.7214559028730632,0.5730619133887164,14,0.5923436952230255
high_volatility,4,fomc,hist_boost,0.7541514517505552,0.6146816145860575,0.046338119412749575,0.7668956757129218,0.16422646159284762,0.20105468766011872,0.7214559028730632,0.5730619133887164,14,0.5915125548796827
high_volatility,4,cot_exploratory,hist_boost,0.7542654354036753,0.6138642835945783,0.04812943860016015,0.7664555413115028,0.16436362112269867,0.20105468766011872,0.7214559028730632,0.5730619133887164,14,0.5897995642944983
high_volatility,4,context,xgboost,0.753817646131889,0.6097315014057765,0.04649439758492599,0.7651940720957324,0.16466817307003018,0.20105468766011872,0.7214559028730632,0.5730619133887164,14,0.5864843026133135
high_volatility,4,fomc,xgboost,0.7539358390920023,0.6101593988070823,0.047734660817140576,0.7654358386199936,0.16465977869678486,0.20105468766011872,0.7214559028730632,0.5730619133887164,14,0.586292068398512
high_volatility,4,fomc,catboost,0.7547363653982455,0.6107523392352691,0.04914874555791825,0.7656633664098019,0.1646499050201117,0.20105468766011872,0.7214559028730632,0.5730619133887164,14,0.5861779664563099
high_volatility,72,cot_exploratory,xgboost,0.6356692448115682,0.6014424527245136,0.03128416806377455,0.6651885687736866,0.22196983696781675,0.23738310593734507,0.6126333014868235,0.5950842345596069,14,0.5858003686926263
high_volatility,4,context,catboost,0.7545105030177804,0.609311289015358,0.04804319945763902,0.7654681904214771,0.16470643701779158,0.20105468766011872,0.7214559028730632,0.5730619133887164,14,0.5852896892865385
high_volatility,72,cot_exploratory,hist_boost,0.629223338904163,0.5979680648142109,0.027430323976398968,0.6627695623359637,0.22285376797258502,0.23738310593734507,0.6126333014868235,0.5950842345596069,14,0.5842529028260115
high_volatility,72,context,hist_boost,0.6421142783123964,0.6002196858804159,0.03200446432825225,0.6685845003861192,0.21870735522263643,0.23738310593734507,0.6126333014868235,0.5950842345596069,14,0.5842174537162897
high_volatility,72,context,catboost,0.6441357997895857,0.6016874941657508,0.036047297245012225,0.6741283184835939,0.217481204008981,0.23738310593734507,0.6126333014868235,0.5950842345596069,14,0.5836638455432447
high_volatility,4,cot_exploratory,xgboost,0.7529371056618606,0.6077058526964526,0.04824795586109781,0.7649259023920031,0.16483211985620752,0.20105468766011872,0.7214559028730632,0.5730619133887164,14,0.5835818747659037
high_volatility,4,cot_exploratory,catboost,0.7537835263338756,0.6087007820507216,0.050292272682477594,0.7645709688918549,0.16498137137296798,0.20105468766011872,0.7214559028730632,0.5730619133887164,14,0.5835546457094829
high_volatility,72,context,xgboost,0.6425781803278134,0.5981464348856219,0.031278847200672824,0.6696940439383444,0.21848320328313053,0.23738310593734507,0.6126333014868235,0.5950842345596069,14,0.5825070112852855
high_volatility,72,cot_exploratory,catboost,0.6336108374767474,0.5970751564887304,0.03353795357598603,0.6601682445366368,0.2223655862644769,0.23738310593734507,0.6126333014868235,0.5950842345596069,14,0.5803061797007374
high_volatility,24,fomc,logistic,0.684797090416276,0.5931051818200033,0.03022894685257993,0.6891516816528396,0.2031714696994676,0.2260177241119404,0.6560560565462276,0.5910264791113223,14,0.5779907083937132
high_volatility,72,fomc,extra_trees,0.6484166897988105,0.5942751619326886,0.033216415805629326,0.6776421910176138,0.21748230328596127,0.23738310593734507,0.6126333014868235,0.5950842345596069,14,0.5776669540298739
high_volatility,4,context,extra_trees,0.7498389280858547,0.6018413815286311,0.049396875860410264,0.7603933320478465,0.1663160144443692,0.20105468766011872,0.7214559028730632,0.5730619133887164,14,0.577142943598426
high_volatility,4,fomc,extra_trees,0.7495221741952782,0.6019451760243941,0.049683908362691404,0.7609810320886601,0.16621679524052796,0.20105468766011872,0.7214559028730632,0.5730619133887164,14,0.5771032218430484
high_volatility,4,fomc,logistic,0.7429226736810423,0.5991871936616481,0.04820007304220855,0.7512218886329888,0.1680953509989687,0.20105468766011872,0.7214559028730632,0.5730619133887164,14,0.5750871571405438
high_volatility,4,cot_exploratory,extra_trees,0.7490924983969061,0.5998788306494801,0.05117677661914998,0.7608857058989765,0.16629910384655175,0.20105468766011872,0.7214559028730632,0.5730619133887164,14,0.5742904423399051
high_volatility,4,context,logistic,0.743007384130078,0.5973125337974985,0.046499476038021334,0.751204271432299,0.16805719421888926,0.20105468766011872,0.7214559028730632,0.5730619133887164,14,0.5740627957784878
high_volatility,24,cot_exploratory,logistic,0.6823243219923295,0.5879578815716674,0.03096085346461879,0.6805004020251484,0.20591111755004068,0.2260177241119404,0.6560560565462276,0.5910264791113223,14,0.572477454839358
high_volatility,24,context,logistic,0.6861847009756676,0.5865905034391368,0.029677477808058052,0.6869953531533742,0.20288687141989645,0.2260177241119404,0.6560560565462276,0.5910264791113223,14,0.5717517645351078
high_volatility,72,context,extra_trees,0.6427857625108963,0.5854827614046982,0.030932457685806727,0.6660636252667,0.21885703632776649,0.23738310593734507,0.6126333014868235,0.5950842345596069,14,0.5700165325617949
high_volatility,24,fomc,hist_boost,0.6752682013851974,0.5818549749679475,0.027653806124140933,0.6722175007299153,0.20810334747842324,0.2260177241119404,0.6560560565462276,0.5910264791113223,14,0.568028071905877
high_volatility,4,cot_exploratory,logistic,0.7419516062073958,0.5936664309753772,0.051281971141948074,0.7481524732315034,0.16913600180293126,0.20105468766011872,0.7214559028730632,0.5730619133887164,14,0.5680254454044031
high_volatility,24,fomc,catboost,0.6763570552823205,0.5831552971967152,0.03081628109385483,0.6763957024550267,0.20786253263918092,0.2260177241119404,0.6560560565462276,0.5910264791113223,14,0.5677471566497878
high_volatility,72,cot_exploratory,extra_trees,0.6443230512720577,0.584123314942299,0.03312230308936044,0.6682784227094628,0.21952505699508978,0.23738310593734507,0.6126333014868235,0.5950842345596069,14,0.5675621633976188
high_volatility,24,fomc,xgboost,0.6761723967043742,0.5780231454723801,0.031032382668605935,0.674611550422618,0.2076180091037476,0.2260177241119404,0.6560560565462276,0.5910264791113223,14,0.5625069541380772
high_volatility,24,context,hist_boost,0.6747935447842782,0.574776370414491,0.027816357282423487,0.6706753260392756,0.20769297299725314,0.2260177241119404,0.6560560565462276,0.5910264791113223,14,0.5608681917732793
high_volatility,24,context,catboost,0.6746722118523862,0.5708897352505641,0.029710106976854157,0.6722602446772673,0.20748802485083068,0.2260177241119404,0.6560560565462276,0.5910264791113223,14,0.556034681762137
high_volatility,24,cot_exploratory,hist_boost,0.6672759962298399,0.5689362762613076,0.02633681286842058,0.6649180285770308,0.20976224110551897,0.2260177241119404,0.6560560565462276,0.5910264791113223,14,0.5557678698270974
high_volatility,24,context,xgboost,0.6744221836399891,0.5688647867388761,0.02820978512461484,0.6716506575121092,0.2077525364051936,0.2260177241119404,0.6560560565462276,0.5910264791113223,14,0.5547598941765687
high_volatility,4,price,extra_trees,0.7404859593747997,0.5865260378700808,0.06553000200812541,0.7246719959775467,0.1732473119527688,0.20105468766011872,0.7214559028730632,0.5730619133887164,14,0.5537610368660182
high_volatility,24,cot_exploratory,xgboost,0.6684139745375447,0.5651083190147778,0.028895098752076773,0.6673310192781784,0.20917094194489996,0.2260177241119404,0.6560560565462276,0.5910264791113223,14,0.5506607696387393
high_volatility,4,price,catboost,0.7390550523255757,0.580579482906508,0.060415338004087445,0.7267070451025575,0.17293777771611987,0.20105468766011872,0.7214559028730632,0.5730619133887164,14,0.5503718139044642
high_volatility,4,price,hist_boost,0.7385534501349594,0.5785783373982787,0.05851962685511437,0.726485287675444,0.17296270562392962,0.20105468766011872,0.7214559028730632,0.5730619133887164,14,0.5493185239707215
high_volatility,4,price,xgboost,0.7383413639420723,0.5776834828623472,0.057783817267854504,0.7256093664816958,0.17318023713620218,0.20105468766011872,0.7214559028730632,0.5730619133887164,14,0.54879157422842
high_volatility,24,cot_exploratory,catboost,0.6671263250452856,0.5646741260851585,0.03181588014751149,0.6665825096443222,0.20989076299394024,0.2260177241119404,0.6560560565462276,0.5910264791113223,14,0.5487661860114028
high_volatility,24,fomc,extra_trees,0.6728564555868866,0.5520939038933147,0.02579957356055818,0.6642080254807068,0.20950217904517873,0.2260177241119404,0.6560560565462276,0.5910264791113223,14,0.5391941171130356
high_volatility,24,context,extra_trees,0.6706259197780501,0.5485894554145709,0.027190622580170253,0.6609639381886832,0.20984310498914077,0.2260177241119404,0.6560560565462276,0.5910264791113223,14,0.5349941441244858
high_volatility,24,cot_exploratory,extra_trees,0.6699384474928587,0.5446490006281953,0.02584328806952844,0.6609498866061757,0.2102354146537669,0.2260177241119404,0.6560560565462276,0.5910264791113223,14,0.5317273565934311
high_volatility,4,price,logistic,0.7283851723180154,0.5518657433823554,0.04919364760558946,0.7039817859903563,0.1777424528230815,0.20105468766011872,0.7214559028730632,0.5730619133887164,14,0.5272689195795607
direction,4,fomc,extra_trees,0.5207314187490797,0.5207446561335918,0.011545208995628133,0.5291147430342694,0.249331360631626,0.2500027127771835,0.501442489342705,0.493640256139987,14,0.5149720516357778
direction,4,cot_exploratory,catboost,0.5189002564929527,0.5187973555225301,0.009500924659751298,0.5254124039053948,0.2496031741546483,0.2500027127771835,0.501442489342705,0.493640256139987,14,0.5140468931926545
direction,4,cot_exploratory,extra_trees,0.5185031333407116,0.5185328947664555,0.01085978580267716,0.5285221644572101,0.24936248123440924,0.2500027127771835,0.501442489342705,0.493640256139987,14,0.5131030018651169
direction,4,context,catboost,0.5174176400972432,0.5173481584769312,0.00885686885664081,0.5257413038345221,0.2495743864714063,0.2500027127771835,0.501442489342705,0.493640256139987,14,0.5129197240486107
direction,4,context,extra_trees,0.5185682203548502,0.5186849770294314,0.011754777918843839,0.5275156200467699,0.2494271975637941,0.2500027127771835,0.501442489342705,0.493640256139987,14,0.5128075880700095
direction,4,context,hist_boost,0.5173152688545074,0.5175102900567145,0.010891686618679225,0.5247332155918962,0.24979275122823133,0.2500027127771835,0.501442489342705,0.493640256139987,14,0.5120644467473748
direction,4,fomc,catboost,0.5160717049581847,0.5160993331356553,0.009038183772441269,0.5253034269423444,0.2495860041232327,0.2500027127771835,0.501442489342705,0.493640256139987,14,0.5115802412494346
direction,4,context,xgboost,0.5157739290759066,0.5158253019744999,0.008558817743687334,0.5240361218351272,0.2498517453919198,0.2500027127771835,0.501442489342705,0.493640256139987,14,0.5115458931026563
direction,4,cot_exploratory,xgboost,0.514528608931807,0.5145574420250012,0.0067978296610825845,0.5222457978131108,0.2500502699613637,0.2500027127771835,0.501442489342705,0.493640256139987,14,0.5111585271944599
direction,4,cot_exploratory,logistic,0.5156550484498277,0.5155116359772228,0.010181465029885765,0.5191217497545622,0.2528011096171719,0.2500027127771835,0.501442489342705,0.493640256139987,14,0.51042090346228
direction,4,fomc,xgboost,0.514517233607004,0.5144275382456147,0.009748609070415902,0.5226284917420544,0.2499358584881195,0.2500027127771835,0.501442489342705,0.493640256139987,14,0.5095532337104067
direction,72,cot_exploratory,extra_trees,0.5170584041835667,0.5173120265825882,0.01593370468388028,0.525769297846141,0.25122656602453464,0.25001922614530725,0.4997820819368603,0.4936196214638246,14,0.5093451742406481
direction,4,context,logistic,0.514136791059462,0.5142715084651129,0.010327194833780556,0.5192807382847484,0.250194537933632,0.2500027127771835,0.501442489342705,0.493640256139987,14,0.5091079110482226
direction,4,cot_exploratory,hist_boost,0.514561327035689,0.5148137156679101,0.011426296241787055,0.5236716180946429,0.24993244131450856,0.2500027127771835,0.501442489342705,0.493640256139987,14,0.5091005675470166
direction,4,fomc,hist_boost,0.5143269122694901,0.5144975438327348,0.013039597547038321,0.5234872805434811,0.2498697855686938,0.2500027127771835,0.501442489342705,0.493640256139987,14,0.5079777450592157
direction,4,fomc,logistic,0.5137177637761065,0.5136610681729133,0.011410685821448763,0.5190162927028811,0.25022856246839703,0.2500027127771835,0.501442489342705,0.493640256139987,14,0.507955725262189
direction,4,price,catboost,0.5138022206958175,0.513756990419205,0.011798091755927755,0.5220220585955154,0.24976307541074427,0.2500027127771835,0.501442489342705,0.493640256139987,14,0.5078579445412411
direction,4,price,extra_trees,0.514394513384278,0.5142858138741179,0.012887369815186822,0.5205259088300562,0.24990194769931823,0.2500027127771835,0.501442489342705,0.493640256139987,14,0.5078421289665245
direction,4,price,hist_boost,0.5132586263323792,0.5131501721288184,0.01129990931691963,0.5211986133847286,0.24998038344471757,0.2500027127771835,0.501442489342705,0.493640256139987,14,0.5075002174703586
direction,4,price,xgboost,0.5123709986640455,0.5122681280364494,0.010334005536167899,0.5189208826790763,0.25008538781887796,0.2500027127771835,0.501442489342705,0.493640256139987,14,0.5071011252683655
high_volatility,72,price,catboost,0.6090919032410476,0.5130168784261645,0.014480374617080455,0.5274035311770665,0.2386504631997514,0.23738310593734507,0.6126333014868235,0.5950842345596069,14,0.5057766911176242
high_volatility,72,price,hist_boost,0.6050412573582918,0.512346254407021,0.013288870718531338,0.5243716176705638,0.23974981146835064,0.23738310593734507,0.6126333014868235,0.5950842345596069,14,0.5057018190477554
high_volatility,72,price,xgboost,0.6062486774346613,0.5127120752431392,0.01404388402007237,0.5255755718521495,0.23941447646488898,0.23738310593734507,0.6126333014868235,0.5950842345596069,14,0.5056901332331031
direction,72,fomc,extra_trees,0.515870105867897,0.5153141897672809,0.019430567908193846,0.5218140407673773,0.2520755802919951,0.25001922614530725,0.4997820819368603,0.4936196214638246,14,0.505598905813184
direction,4,price,logistic,0.5107641939102585,0.5106524547730026,0.010564238030836217,0.5163235752137976,0.24993461865212616,0.2500027127771835,0.501442489342705,0.493640256139987,14,0.5053703357575845
direction,24,fomc,xgboost,0.5101671852427779,0.5091489846025117,0.010412200667019207,0.509649273977741,0.25218710812570583,0.25003039968175717,0.5022234907273395,0.49808780937402036,14,0.503942884269002
high_volatility,72,price,extra_trees,0.6093482933427165,0.5098379234584135,0.01322628334509918,0.5317521017354212,0.2376866899694767,0.23738310593734507,0.6126333014868235,0.5950842345596069,14,0.5032247817858639
high_volatility,24,price,xgboost,0.6528467262094821,0.5076262367523509,0.010020424722300046,0.5366655004454198,0.22603627423680522,0.2260177241119404,0.6560560565462276,0.5910264791113223,14,0.5026160243912008
high_volatility,24,price,hist_boost,0.6522497416893633,0.5072671369071285,0.009425273942161265,0.5368455051283123,0.2261918749758027,0.2260177241119404,0.6560560565462276,0.5910264791113223,14,0.502554499936048
high_volatility,24,price,extra_trees,0.6545496009235633,0.50621777797918,0.007982764241403406,0.5448195760223447,0.22490952166937708,0.2260177241119404,0.6560560565462276,0.5910264791113223,14,0.5022263958584783
direction,72,fomc,catboost,0.5126599174359938,0.5123324181657248,0.020245622330398245,0.5123530734931134,0.25693056723222857,0.25001922614530725,0.4997820819368603,0.4936196214638246,14,0.5022096070005257
high_volatility,24,price,logistic,0.6547721332550207,0.5059369792638515,0.007711075871307687,0.5443831176419247,0.224963046345339,0.2260177241119404,0.6560560565462276,0.5910264791113223,14,0.5020814413281977
high_volatility,24,price,catboost,0.6537546631520542,0.5073076366473088,0.01047289517176059,0.5435137481540812,0.22517466755659696,0.2260177241119404,0.6560560565462276,0.5910264791113223,14,0.5020711890614286
direction,24,cot_exploratory,extra_trees,0.5075788023726984,0.5071616604545318,0.010692259636211806,0.5127134693510013,0.25052714640544854,0.25003039968175717,0.5022234907273395,0.49808780937402036,14,0.5018155306364259
direction,24,fomc,catboost,0.5064073036984743,0.5056640616437955,0.008357818927965532,0.5080739470976412,0.2519916033430179,0.25003039968175717,0.5022234907273395,0.49808780937402036,14,0.5014851521798127
direction,24,fomc,extra_trees,0.5076949801265714,0.5072941048685704,0.012141038696631823,0.5093139942372813,0.25092818517528526,0.25003039968175717,0.5022234907273395,0.49808780937402036,14,0.5012235855202545
direction,72,fomc,logistic,0.5096447454304227,0.510106770243684,0.01830208355418907,0.5165702460370919,0.25211153383293566,0.25001922614530725,0.4997820819368603,0.4936196214638246,14,0.5009557284665894
direction,24,cot_exploratory,logistic,0.508452179538931,0.5077037077277838,0.013517173236396786,0.5144180437333515,0.2541558728588677,0.25003039968175717,0.5022234907273395,0.49808780937402036,14,0.5009451211095854
direction,24,cot_exploratory,xgboost,0.5070216822575869,0.5067028367879508,0.011991907221684799,0.5103663013778748,0.2528095975007886,0.25003039968175717,0.5022234907273395,0.49808780937402036,14,0.5007068831771084
direction,24,cot_exploratory,catboost,0.5065515384343492,0.5061986174080438,0.011137072560308372,0.5097233139175151,0.2525597108101156,0.25003039968175717,0.5022234907273395,0.49808780937402036,14,0.5006300811278896
direction,72,cot_exploratory,logistic,0.5088953193389981,0.5093592996673211,0.017611168500915746,0.5204074995884919,0.2563207836574984,0.25001922614530725,0.4997820819368603,0.4936196214638246,14,0.5005537154168632
direction,24,fomc,hist_boost,0.5062853859285191,0.5050317670807342,0.009743039036841128,0.5052806172606148,0.25311446235640805,0.25003039968175717,0.5022234907273395,0.49808780937402036,14,0.5001602475623136
high_volatility,72,price,logistic,0.6060520082457862,0.5059786183107965,0.012292945754220267,0.525881406247126,0.23826458391875102,0.23738310593734507,0.6126333014868235,0.5950842345596069,14,0.49983214543368637
direction,72,fomc,hist_boost,0.5097944702292493,0.5091748777899074,0.01975706706418392,0.5072675399918659,0.25883480039111334,0.25001922614530725,0.4997820819368603,0.4936196214638246,14,0.4992963442578155
direction,24,context,extra_trees,0.5047280087562767,0.504525833083824,0.010516675250405593,0.5076560654693907,0.25061801251899346,0.25003039968175717,0.5022234907273395,0.49808780937402036,14,0.49926749545862126
direction,72,price,hist_boost,0.5036481288146744,0.5037079221677109,0.009640488969477896,0.5044171642467067,0.2517187766322672,0.25001922614530725,0.4997820819368603,0.4936196214638246,14,0.49888767768297193
direction,72,price,catboost,0.5038873619930697,0.5043084812956464,0.011969448145002736,0.5056320561088811,0.25078169966294833,0.25001922614530725,0.4997820819368603,0.4936196214638246,14,0.49832375722314504
direction,24,fomc,logistic,0.5049941763719399,0.5050085617446537,0.01338941766573111,0.5086580834937743,0.25162995601515303,0.25003039968175717,0.5022234907273395,0.49808780937402036,14,0.49831385291178815
direction,24,context,logistic,0.5033713525362882,0.5039797189529963,0.011565449230206993,0.5029452357927103,0.251557688200081,0.25003039968175717,0.5022234907273395,0.49808780937402036,14,0.49819699433789283
direction,24,context,catboost,0.5042615277677169,0.503581629342366,0.011816265630444753,0.505580294010372,0.25143335755177443,0.25003039968175717,0.5022234907273395,0.49808780937402036,14,0.49767349652714366
direction,72,price,extra_trees,0.5011697000084387,0.503019638700637,0.01085593854882785,0.5036790145846222,0.2503603912412978,0.25001922614530725,0.4997820819368603,0.4936196214638246,14,0.4975916694262231
direction,24,context,hist_boost,0.5028676053223198,0.5025785343658837,0.01017067288902553,0.5040938635640154,0.2522100414855711,0.25003039968175717,0.5022234907273395,0.49808780937402036,14,0.497493197921371
direction,24,cot_exploratory,hist_boost,0.5044998607685839,0.5040655924332184,0.013179442899682007,0.5056475281789613,0.25309787576821224,0.25003039968175717,0.5022234907273395,0.49808780937402036,14,0.49747587098337737
direction,72,context,xgboost,0.5026455833097694,0.5023290595688629,0.009798239880626914,0.5020908423745273,0.25543934042424765,0.25001922614530725,0.4997820819368603,0.4936196214638246,14,0.4974299396285494
direction,72,context,logistic,0.5039656090426938,0.5044409986955011,0.014968723173019179,0.5053824650628983,0.2521087052095848,0.25001922614530725,0.4997820819368603,0.4936196214638246,14,0.49695663710899146
direction,72,price,xgboost,0.5011667430525446,0.5015256745628233,0.009541875767434208,0.5044922660760846,0.2514224392334675,0.25001922614530725,0.4997820819368603,0.4936196214638246,14,0.49675473667910613
direction,72,context,extra_trees,0.5056099880725315,0.5053962780241701,0.017380118133096173,0.50895878748411,0.25165402378163293,0.25001922614530725,0.4997820819368603,0.4936196214638246,14,0.496706218957622
direction,24,price,extra_trees,0.5007622033921335,0.501602384494973,0.009813600967906889,0.5003213265890195,0.250374306179135,0.25003039968175717,0.5022234907273395,0.49808780937402036,14,0.49669558401101954
direction,24,context,xgboost,0.5038389713891213,0.503331874362057,0.013541325514043702,0.5056960294088685,0.2517675926300377,0.25003039968175717,0.5022234907273395,0.49808780937402036,14,0.4965612116050351
direction,72,fomc,xgboost,0.5071156596278217,0.5065858107543234,0.020173721985187448,0.5051644695518197,0.2581744431211562,0.25001922614530725,0.4997820819368603,0.4936196214638246,14,0.4964989497617297
direction,72,cot_exploratory,hist_boost,0.5094686941097918,0.5102961469380609,0.02929334217925383,0.5111598257202827,0.25832540395857106,0.25001922614530725,0.4997820819368603,0.4936196214638246,14,0.495649475848434
direction,24,price,xgboost,0.5019470384273514,0.5017455843520036,0.012307558392234078,0.5008541703041811,0.25121569382317505,0.25003039968175717,0.5022234907273395,0.49808780937402036,14,0.4955918051558865
direction,24,price,hist_boost,0.5024536471791909,0.5022911226727521,0.014145908146518518,0.5026967859730381,0.2512297719714981,0.25003039968175717,0.5022234907273395,0.49808780937402036,14,0.49521816859949286
direction,72,cot_exploratory,catboost,0.5074507653153423,0.5084121664714802,0.02658720026865827,0.5093508471107395,0.25847741278450964,0.25001922614530725,0.4997820819368603,0.4936196214638246,14,0.4951185663371511
direction,72,context,catboost,0.5030279874925555,0.5026617368542282,0.015459598815802595,0.5043444403590208,0.2545704356556373,0.25001922614530725,0.4997820819368603,0.4936196214638246,14,0.4949319374463269
direction,72,context,hist_boost,0.5010717555662759,0.5007672037919951,0.013041100703487721,0.500922947501963,0.255827102039693,0.25001922614530725,0.4997820819368603,0.4936196214638246,14,0.49424665344025126
direction,72,cot_exploratory,xgboost,0.504598256616129,0.505543312643569,0.02503932472910413,0.5077035675605119,0.2588159874084832,0.25001922614530725,0.4997820819368603,0.4936196214638246,14,0.49302365027901696
direction,24,price,catboost,0.4997753183230024,0.4997775151369937,0.013805963032977693,0.5014131403640554,0.25070360862836366,0.25003039968175717,0.5022234907273395,0.49808780937402036,14,0.4928745336205049
direction,24,price,logistic,0.49525350215016806,0.49668888134391365,0.009291999179316748,0.49321992892648625,0.25055769178311366,0.25003039968175717,0.5022234907273395,0.49808780937402036,14,0.49204288175425526
direction,72,price,logistic,0.49767047904432954,0.4981072912123487,0.013708069182003227,0.49579290314011365,0.25090247314333586,0.25001922614530725,0.4997820819368603,0.4936196214638246,14,0.4912532566213471
