task,symbol,year,balanced_accuracy
direction,AUDCAD,2023,0.5635746834656916
direction,AUDCAD,2024,0.5252470279450363
direction,AUDCAD,2025,0.5091865079365079
direction,AUDCAD,2026,0.5465381184382077
direction,AUDCHF,2023,0.5739324005809201
direction,AUDCHF,2024,0.530815846836673
direction,AUDCHF,2025,0.558723903991925
direction,AUDCHF,2026,0.6280591615237284
direction,AUDJPY,2023,0.5220421613685688
direction,AUDJPY,2024,0.5167155425219941
direction,AUDJPY,2025,0.5252542926465099
direction,AUDJPY,2026,0.526685948947433
direction,AUDNZD,2023,0.5466529692470837
direction,AUDNZD,2024,0.5354851530119797
direction,AUDNZD,2025,0.5359468611617608
direction,AUDNZD,2026,0.5113082472216806
direction,AUDUSD,2023,0.5349647287377188
direction,AUDUSD,2024,0.5103535353535353
direction,AUDUSD,2025,0.5293308739430241
direction,AUDUSD,2026,0.508133091946456
direction,CADCHF,2023,0.49835177772545325
direction,CADCHF,2024,0.5615798751727095
direction,CADCHF,2025,0.5610998849452281
direction,CADCHF,2026,0.5952529452529453
direction,CADJPY,2023,0.513222116995702
direction,CADJPY,2024,0.5205780430600575
direction,CADJPY,2025,0.5200922266139657
direction,CADJPY,2026,0.5227319270939996
direction,CHFJPY,2023,0.4935586531306474
direction,CHFJPY,2024,0.5281348788198104
direction,CHFJPY,2025,0.5202117495358755
direction,CHFJPY,2026,0.4822840873141411
direction,EURAUD,2023,0.5069924033149171
direction,EURAUD,2024,0.5219990262132856
direction,EURAUD,2025,0.5075558213716108
direction,EURAUD,2026,0.5179880827199439
direction,EURCAD,2023,0.5117295628796177
direction,EURCAD,2024,0.5234848484848484
direction,EURCAD,2025,0.5266001057921185
direction,EURCAD,2026,0.5047720797720797
direction,EURCHF,2023,0.5059853918101596
direction,EURCHF,2024,0.5324314574314575
direction,EURCHF,2025,0.5523814265325766
direction,EURCHF,2026,0.5467217135382603
direction,EURGBP,2023,0.5184516163562406
direction,EURGBP,2024,0.49941651269084897
direction,EURGBP,2025,0.516128815923601
direction,EURGBP,2026,0.5324056895485467
direction,EURJPY,2023,0.4891306509676008
direction,EURJPY,2024,0.5416798221380272
direction,EURJPY,2025,0.5208039888639805
direction,EURJPY,2026,0.5261724137931034
direction,EURNZD,2023,0.4573812009434327
direction,EURNZD,2024,0.6111630321910696
direction,EURNZD,2025,0.5053578119145747
direction,EURNZD,2026,0.48702766531713904
direction,EURUSD,2023,0.5181809154999504
direction,EURUSD,2024,0.5115782639490045
direction,EURUSD,2025,0.531952545068929
direction,EURUSD,2026,0.4799631949022193
direction,GBPAUD,2023,0.4854621437780643
direction,GBPAUD,2024,0.5324438202247191
direction,GBPAUD,2025,0.4992944551111522
direction,GBPAUD,2026,0.5014439778450549
direction,GBPCAD,2023,0.5059873116574147
direction,GBPCAD,2024,0.5321778300039169
direction,GBPCAD,2025,0.4981298742638867
direction,GBPCAD,2026,0.49352905115455353
direction,GBPCHF,2023,0.5069737458977965
direction,GBPCHF,2024,0.5221155245162229
direction,GBPCHF,2025,0.5846246190784006
direction,GBPCHF,2026,0.551121574937296
direction,GBPJPY,2023,0.47536762754154055
direction,GBPJPY,2024,0.5150159644644293
direction,GBPJPY,2025,0.496830317084824
direction,GBPJPY,2026,0.5245397102080837
direction,GBPNZD,2023,0.4729743161577608
direction,GBPNZD,2024,0.5295441514706174
direction,GBPNZD,2025,0.5241238837064264
direction,GBPNZD,2026,0.4759052564154981
direction,GBPUSD,2023,0.5288533343907161
direction,GBPUSD,2024,0.4980574244290723
direction,GBPUSD,2025,0.4902956264212809
direction,GBPUSD,2026,0.5082992691688344
direction,NZDCAD,2023,0.5124733961690484
direction,NZDCAD,2024,0.5258545367894305
direction,NZDCAD,2025,0.5493283761093788
direction,NZDCAD,2026,0.526351138341763
direction,NZDCHF,2023,0.5428159463777718
direction,NZDCHF,2024,0.5645702093070515
direction,NZDCHF,2025,0.5858360567366329
direction,NZDCHF,2026,0.598337112622827
direction,NZDJPY,2023,0.5331932106598984
direction,NZDJPY,2024,0.5149267906608627
direction,NZDJPY,2025,0.5188043540862755
direction,NZDJPY,2026,0.5408287255102737
direction,NZDUSD,2023,0.5197615645178364
direction,NZDUSD,2024,0.5177887139107612
direction,NZDUSD,2025,0.5081505906033159
direction,NZDUSD,2026,0.5136361769417177
direction,USDCAD,2023,0.5287932857520486
direction,USDCAD,2024,0.5100611476334816
direction,USDCAD,2025,0.5223682121308352
direction,USDCAD,2026,0.4817342268715266
direction,USDCHF,2023,0.5284181029924924
direction,USDCHF,2024,0.5035359565451277
direction,USDCHF,2025,0.5706166524580847
direction,USDCHF,2026,0.5007708364598824
direction,USDJPY,2023,0.5202321702758511
direction,USDJPY,2024,0.5245572453749424
direction,USDJPY,2025,0.5365273226756695
direction,USDJPY,2026,0.541516220516013
high_volatility,AUDCAD,2023,0.578042328042328
high_volatility,AUDCAD,2024,0.5267857142857143
high_volatility,AUDCAD,2025,0.5754208754208754
high_volatility,AUDCAD,2026,0.6822916666666666
high_volatility,AUDCHF,2023,0.7514992503748126
high_volatility,AUDCHF,2024,0.7148936170212765
high_volatility,AUDCHF,2025,0.6231060606060607
high_volatility,AUDCHF,2026,0.6035087719298246
high_volatility,AUDJPY,2023,0.69
high_volatility,AUDJPY,2024,0.6946428571428571
high_volatility,AUDJPY,2025,0.6134146341463415
high_volatility,AUDJPY,2026,0.7514619883040936
high_volatility,AUDNZD,2023,0.5893630179344465
high_volatility,AUDNZD,2024,0.5364741641337386
high_volatility,AUDNZD,2025,0.7476452119309263
high_volatility,AUDNZD,2026,0.5462794918330308
high_volatility,AUDUSD,2023,0.5658333333333333
high_volatility,AUDUSD,2024,0.7075757575757575
high_volatility,AUDUSD,2025,0.6610526315789473
high_volatility,AUDUSD,2026,0.6527777777777778
high_volatility,CADCHF,2023,0.9130434782608696
high_volatility,CADCHF,2024,0.6125
high_volatility,CADCHF,2025,0.616304347826087
high_volatility,CADCHF,2026,0.6333333333333333
high_volatility,CADJPY,2023,0.6711538461538462
high_volatility,CADJPY,2024,0.6842737094837935
high_volatility,CADJPY,2025,0.7078877005347594
high_volatility,CADJPY,2026,0.7069701280227596
high_volatility,CHFJPY,2023,0.67875
high_volatility,CHFJPY,2024,0.6506289308176101
high_volatility,CHFJPY,2025,0.5591836734693878
high_volatility,CHFJPY,2026,0.6016042780748663
high_volatility,EURAUD,2023,0.625625
high_volatility,EURAUD,2024,0.6572727272727272
high_volatility,EURAUD,2025,0.6059456040480709
high_volatility,EURAUD,2026,0.6111111111111112
high_volatility,EURCAD,2023,0.6552257266542981
high_volatility,EURCAD,2024,0.623030303030303
high_volatility,EURCAD,2025,0.6296296296296297
high_volatility,EURCAD,2026,0.6191756272401434
high_volatility,EURCHF,2023,0.6033670033670033
high_volatility,EURCHF,2024,0.6115151515151516
high_volatility,EURCHF,2025,0.5782051282051283
high_volatility,EURCHF,2026,0.5104166666666666
high_volatility,EURGBP,2023,0.6091527520098949
high_volatility,EURGBP,2024,0.6785714285714286
high_volatility,EURGBP,2025,0.659375
high_volatility,EURGBP,2026,0.6116642958748222
high_volatility,EURJPY,2023,0.6139705882352942
high_volatility,EURJPY,2024,0.7373949579831933
high_volatility,EURJPY,2025,0.6223544973544973
high_volatility,EURJPY,2026,0.7064393939393939
high_volatility,EURNZD,2023,0.6225490196078431
high_volatility,EURNZD,2024,0.8333333333333333
high_volatility,EURNZD,2025,0.6342857142857142
high_volatility,EURNZD,2026,0.47044334975369456
high_volatility,EURUSD,2023,0.6512820512820513
high_volatility,EURUSD,2024,0.5528301886792453
high_volatility,EURUSD,2025,0.5793650793650793
high_volatility,EURUSD,2026,0.7134502923976609
high_volatility,GBPAUD,2023,0.7446428571428572
high_volatility,GBPAUD,2024,0.6614906832298137
high_volatility,GBPAUD,2025,0.7491289198606272
high_volatility,GBPAUD,2026,0.7333333333333334
high_volatility,GBPCAD,2023,0.562015503875969
high_volatility,GBPCAD,2024,0.5721254355400697
high_volatility,GBPCAD,2025,0.6171112556929083
high_volatility,GBPCAD,2026,0.6042780748663101
high_volatility,GBPCHF,2023,0.6742424242424242
high_volatility,GBPCHF,2024,0.7777777777777777
high_volatility,GBPCHF,2025,0.7505494505494505
high_volatility,GBPCHF,2026,0.54375
high_volatility,GBPJPY,2023,0.6923076923076923
high_volatility,GBPJPY,2024,0.6731884057971014
high_volatility,GBPJPY,2025,0.5244360902255639
high_volatility,GBPJPY,2026,0.7098150782361309
high_volatility,GBPNZD,2023,0.5338393421884883
high_volatility,GBPNZD,2024,0.5269230769230769
high_volatility,GBPNZD,2025,0.5416666666666666
high_volatility,GBPNZD,2026,0.661904761904762
high_volatility,GBPUSD,2023,0.5974999999999999
high_volatility,GBPUSD,2024,0.611322188449848
high_volatility,GBPUSD,2025,0.5942760942760943
high_volatility,GBPUSD,2026,0.6147642679900744
high_volatility,NZDCAD,2023,0.6412280701754386
high_volatility,NZDCAD,2024,0.5491582491582492
high_volatility,NZDCAD,2025,0.5549999999999999
high_volatility,NZDCAD,2026,0.6548387096774193
high_volatility,NZDCHF,2023,0.5777777777777777
high_volatility,NZDCHF,2024,0.5831918505942275
high_volatility,NZDCHF,2025,0.6073684210526316
high_volatility,NZDCHF,2026,0.5632258064516129
high_volatility,NZDJPY,2023,0.5724358974358974
high_volatility,NZDJPY,2024,0.6809006211180124
high_volatility,NZDJPY,2025,0.5899321266968326
high_volatility,NZDJPY,2026,0.6285714285714286
high_volatility,NZDUSD,2023,0.495
high_volatility,NZDUSD,2024,0.5680147058823529
high_volatility,NZDUSD,2025,0.5862499999999999
high_volatility,NZDUSD,2026,0.6354166666666666
high_volatility,USDCAD,2023,0.5617021276595745
high_volatility,USDCAD,2024,0.5945083014048531
high_volatility,USDCAD,2025,0.6002747252747254
high_volatility,USDCAD,2026,0.5857142857142857
high_volatility,USDCHF,2023,0.6301793444650587
high_volatility,USDCHF,2024,0.6418181818181818
high_volatility,USDCHF,2025,0.5373181530676787
high_volatility,USDCHF,2026,0.5861111111111111
high_volatility,USDJPY,2023,0.6243872549019608
high_volatility,USDJPY,2024,0.551948051948052
high_volatility,USDJPY,2025,0.5706249999999999
high_volatility,USDJPY,2026,0.5267379679144385
