symbol,fold,threshold,coverage,n,accuracy,balanced_accuracy
EURUSD,0,0.5,1.0,2276,0.7921792618629174,0.5597537477718153
EURUSD,0,0.55,0.8998242530755711,2048,0.8203125,0.5318322981366459
EURUSD,0,0.6,0.8264499121265377,1881,0.8415736310473153,0.5213512198600002
EURUSD,0,0.65,0.7627416520210897,1736,0.8611751152073732,0.5118595514814208
EURUSD,0,0.7,0.7174868189806678,1633,0.8744641763625229,0.5
EURUSD,0,0.75,0.6682776801405975,1521,0.8882314266929652,0.5
EURUSD,0,0.8,0.6151142355008787,1400,0.9014285714285715,0.5
EURUSD,0,0.85,0.5039543057996485,1147,0.916303400174368,0.5
EURUSD,0,0.9,0.3431458699472759,781,0.9564660691421255,0.5
EURUSD,1,0.5,1.0,3053,0.7897150343924009,0.5696177820610239
EURUSD,1,0.55,0.8981329839502129,2742,0.8183807439824945,0.5413896072848977
EURUSD,1,0.6,0.8116606616442843,2478,0.844632768361582,0.5167613653627618
EURUSD,1,0.65,0.7530298067474616,2299,0.8655937364071336,0.504571642071076
EURUSD,1,0.7,0.6983295119554537,2132,0.8864915572232646,0.5
EURUSD,1,0.75,0.6495250573206682,1983,0.9046898638426626,0.5
EURUSD,1,0.8,0.5889289223714379,1798,0.9232480533926585,0.5
EURUSD,1,0.85,0.4742875859810023,1448,0.9406077348066298,0.5
EURUSD,1,0.9,0.33639043563707827,1027,0.9561830574488802,0.5
GBPUSD,0,0.5,1.0,2336,0.805222602739726,0.6945749770945739
GBPUSD,0,0.55,0.8377568493150684,1957,0.8513030148185999,0.6838340336134454
GBPUSD,0,0.6,0.71875,1679,0.8904109589041096,0.6010350755634577
GBPUSD,0,0.65,0.6738013698630136,1574,0.9078780177890724,0.5228274376026769
GBPUSD,0,0.7,0.660958904109589,1544,0.9132124352331606,0.5073529411764706
GBPUSD,0,0.75,0.6434075342465754,1503,0.9194943446440452,0.5
GBPUSD,0,0.8,0.6061643835616438,1416,0.9265536723163842,0.5
GBPUSD,0,0.85,0.5492294520547946,1283,0.9353078721745908,0.5
GBPUSD,0,0.9,0.3407534246575342,796,0.9660804020100503,0.5
GBPUSD,1,0.5,1.0,3119,0.8005771080474511,0.6952311536859641
GBPUSD,1,0.55,0.8707919204873357,2716,0.8427835051546392,0.6967227040213637
GBPUSD,1,0.6,0.7621032382173774,2377,0.8801009676062264,0.6424575260191698
GBPUSD,1,0.65,0.6970182750881693,2174,0.9029438822447102,0.5605132435405059
GBPUSD,1,0.7,0.6652773324783584,2075,0.9132530120481928,0.5104607489710501
GBPUSD,1,0.75,0.635139467778134,1981,0.9227662796567391,0.5
GBPUSD,1,0.8,0.6037191407502405,1883,0.9288369622942113,0.5
GBPUSD,1,0.85,0.5280538634177621,1647,0.9380692167577414,0.5
GBPUSD,1,0.9,0.37031099711445975,1155,0.9627705627705627,0.5
USDJPY,0,0.5,1.0,2276,0.7702108963093146,0.5305178056418025
USDJPY,0,0.55,0.9468365553602812,2155,0.7851508120649652,0.5241959459974539
USDJPY,0,0.6,0.8941124780316344,2035,0.7950859950859951,0.516682651977779
USDJPY,0,0.65,0.8273286467486819,1883,0.8077535847052576,0.5106470925143456
USDJPY,0,0.7,0.7482425307557118,1703,0.819142689371697,0.5057337378134914
USDJPY,0,0.75,0.6269771528998243,1427,0.8332165381920112,0.5016803188895407
USDJPY,0,0.8,0.45210896309314585,1029,0.8415937803692906,0.5030487804878049
USDJPY,0,0.85,0.23769771528998243,541,0.8521256931608133,0.5
USDJPY,0,0.9,0.04745166959578207,108,0.9166666666666666,0.5
USDJPY,1,0.5,1.0,2725,0.793394495412844,0.560735294117647
USDJPY,1,0.55,0.9467889908256881,2580,0.8093023255813954,0.5450356517288921
USDJPY,1,0.6,0.8869724770642202,2417,0.8258171286719074,0.5309620882277614
USDJPY,1,0.65,0.8165137614678899,2225,0.8417977528089887,0.515373327720505
USDJPY,1,0.7,0.7335779816513761,1999,0.8619309654827414,0.5083791781278653
USDJPY,1,0.75,0.6099082568807339,1662,0.8802647412755716,0.5021707993144121
USDJPY,1,0.8,0.44403669724770645,1210,0.9066115702479339,0.5
USDJPY,1,0.85,0.23486238532110093,640,0.9515625,0.5
USDJPY,1,0.9,0.05651376146788991,154,0.9675324675324676,0.5
AUDUSD,0,0.5,1.0,2144,0.7779850746268657,0.5294882007368316
AUDUSD,0,0.55,0.933768656716418,2002,0.7912087912087912,0.512873999157185
AUDUSD,0,0.6,0.8558768656716418,1835,0.8098092643051771,0.5070621468926554
AUDUSD,0,0.65,0.7691231343283582,1649,0.8144329896907216,0.5
AUDUSD,0,0.7,0.6305970149253731,1352,0.8335798816568047,0.5
AUDUSD,0,0.75,0.4468283582089552,958,0.8747390396659708,0.5
AUDUSD,0,0.8,0.26725746268656714,573,0.8952879581151832,0.5
AUDUSD,0,0.85,0.09375,201,0.945273631840796,0.5
AUDUSD,1,0.5,1.0,3056,0.7614528795811518,0.534544056968658
AUDUSD,1,0.55,0.9391361256544503,2870,0.7759581881533101,0.5211720867208672
AUDUSD,1,0.6,0.8736910994764397,2670,0.7880149812734082,0.5103252363716667
AUDUSD,1,0.65,0.7706151832460733,2355,0.8072186836518047,0.5041915106123139
AUDUSD,1,0.7,0.6138743455497382,1876,0.8310234541577826,0.5025131373140187
AUDUSD,1,0.75,0.4518979057591623,1381,0.8689355539464156,0.5
AUDUSD,1,0.8,0.2712696335078534,829,0.916767189384801,0.5
AUDUSD,1,0.85,0.10863874345549739,332,0.927710843373494,0.5
AUDUSD,1,0.9,0.01930628272251309,59,0.9491525423728814,0.5
USDCAD,0,0.5,1.0,2276,0.7882249560632689,0.5306891096329494
USDCAD,0,0.55,0.930140597539543,2117,0.8016060462919226,0.517663131963813
USDCAD,0,0.6,0.8554481546572935,1947,0.8217770929635336,0.5145877514298567
USDCAD,0,0.65,0.7526362038664324,1713,0.848219497956801,0.5072597351514356
USDCAD,0,0.7,0.6546572934973638,1490,0.87248322147651,0.5026178010471204
USDCAD,0,0.75,0.5667838312829525,1290,0.8976744186046511,0.5
USDCAD,0,0.8,0.4275043936731107,973,0.9321685508735869,0.5
USDCAD,0,0.85,0.34490333919156413,785,0.9592356687898089,0.5
USDCAD,0,0.9,0.31370826010544817,714,0.9621848739495799,0.5
USDCAD,1,0.5,1.0,3119,0.7691567810195575,0.5462977359404664
USDCAD,1,0.55,0.9297851875601154,2900,0.7855172413793103,0.5270015004880229
USDCAD,1,0.6,0.8448220583520359,2635,0.8045540796963947,0.5186975953171966
USDCAD,1,0.65,0.7454312279576787,2325,0.8232258064516129,0.5057623162808301
USDCAD,1,0.7,0.629368387303623,1963,0.8512480896586857,0.5017064846416383
USDCAD,1,0.75,0.5100993908303944,1591,0.8799497171590195,0.5
USDCAD,1,0.8,0.4023725553061879,1255,0.899601593625498,0.5
USDCAD,1,0.85,0.3424174414876563,1068,0.9091760299625468,0.5
USDCAD,1,0.9,0.3100352677140109,967,0.9203722854188211,0.5
USDCHF,0,0.5,1.0,2336,0.7705479452054794,0.5388227081657739
USDCHF,0,0.55,0.9216609589041096,2153,0.789131444496052,0.5091471190632608
USDCHF,0,0.6,0.817208904109589,1909,0.8255631220534311,0.507100331468352
USDCHF,0,0.65,0.7328767123287672,1712,0.8475467289719626,0.5
USDCHF,0,0.7,0.6699486301369864,1565,0.8645367412140575,0.5
USDCHF,0,0.75,0.6181506849315068,1444,0.8795013850415513,0.5
USDCHF,0,0.8,0.5633561643835616,1316,0.9019756838905775,0.5
USDCHF,0,0.85,0.4503424657534247,1052,0.9230038022813688,0.5
USDCHF,0,0.9,0.3167808219178082,740,0.9608108108108108,0.5
USDCHF,1,0.5,1.0,3119,0.7986534145559474,0.6072225701016598
USDCHF,1,0.55,0.8727156139788393,2722,0.8361498897869214,0.5826353561824503
USDCHF,1,0.6,0.7819814042962488,2439,0.8610086100861009,0.5326364235309492
USDCHF,1,0.65,0.7127284386021161,2223,0.8857399910031489,0.5056051807956279
USDCHF,1,0.7,0.6553382494389227,2044,0.9075342465753424,0.5
USDCHF,1,0.75,0.6037191407502405,1883,0.9224641529474243,0.5
USDCHF,1,0.8,0.5376723308752805,1677,0.9320214669051878,0.5
USDCHF,1,0.85,0.4228919525488939,1319,0.9575435936315391,0.5
USDCHF,1,0.9,0.32414235331837127,1011,0.9693372898120672,0.5
NZDUSD,0,0.5,1.0,1880,0.7984042553191489,0.5142385432494869
NZDUSD,0,0.55,0.9558510638297872,1797,0.8102392877017252,0.5033686071992524
NZDUSD,0,0.6,0.9111702127659574,1713,0.8178633975481612,0.5
NZDUSD,0,0.65,0.8452127659574468,1589,0.8307111390811831,0.5
NZDUSD,0,0.7,0.7542553191489362,1418,0.847672778561354,0.5
NZDUSD,0,0.75,0.5968085106382979,1122,0.8707664884135472,0.5
NZDUSD,0,0.8,0.4207446808510638,791,0.8975979772439949,0.5
NZDUSD,0,0.85,0.2425531914893617,456,0.9385964912280702,0.5
NZDUSD,0,0.9,0.10957446808510639,206,0.9514563106796117,0.5
NZDUSD,1,0.5,1.0,3119,0.7499198461045207,0.515530107450908
NZDUSD,1,0.55,0.9563962808592498,2983,0.7609788803218237,0.5070198351656452
NZDUSD,1,0.6,0.8967617826226355,2797,0.7726135144797998,0.5059887135366803
NZDUSD,1,0.65,0.8255851234369991,2575,0.7860194174757281,0.4997530864197531
NZDUSD,1,0.7,0.7072779737095223,2206,0.8041704442429737,0.5
NZDUSD,1,0.75,0.5152292401410709,1607,0.8313627878033603,0.5
NZDUSD,1,0.8,0.2792561718499519,871,0.8737083811710677,0.5
NZDUSD,1,0.85,0.09329913433792883,291,0.9037800687285223,0.5
NZDUSD,1,0.9,0.016992625841615903,53,0.9245283018867925,0.5
