,count,count,count,count,count,count,mean,mean,mean,mean,mean,mean
hypothesis,levels_bounce,levels_break,round_bounce,round_break,trendline_bounce,trendline_break,levels_bounce,levels_break,round_bounce,round_break,trendline_bounce,trendline_break
year,,,,,,,,,,,,
2008,57838,62090,83377,91975,12030,9249,-0.1846398084804752,-0.2705299235818713,-0.14014460848993654,-0.23089249408245377,-0.16803432750429392,-0.29150257245013855
2009,56049,59337,77555,83299,11649,9023,-0.19154095923076386,-0.2714854361096047,-0.16750668942436103,-0.2458982356074597,-0.18568286076477866,-0.2940125698504864
2010,57517,60938,67328,71160,11875,9147,-0.2557210426814167,-0.32866490066772974,-0.21390651366600993,-0.28658401088487534,-0.25318125582375967,-0.32668602221543236
2011,57395,60938,64588,67998,11807,9337,-0.24896372142131526,-0.33159411883393525,-0.225555337280806,-0.28862069501889215,-0.2606098196968425,-0.34329296926873426
2012,55459,58011,44505,46290,11612,9155,-0.38469190818651816,-0.4400968498628331,-0.338455020196871,-0.38903416166629173,-0.4210572136308221,-0.4712888621516104
2013,54630,58573,53033,56080,11234,9292,-0.31574819913330765,-0.3646629733648834,-0.27784304501940343,-0.32197568172351243,-0.33089595116978476,-0.37486663754747557
2014,55363,58800,43337,45552,11332,9062,-0.4252880498551652,-0.46912747018179274,-0.35385802677456024,-0.39379148777273404,-0.4612022360233132,-0.5428854094706445
2015,55777,59609,60717,64505,11130,9263,-0.2732592916219767,-0.30846108732402083,-0.24060512382293792,-0.2781289977451518,-0.29651798713352556,-0.31586307087131865
2016,55429,59148,59413,63301,11424,9329,-0.2943141858161994,-0.3404879913155685,-0.25113338101488286,-0.293998808758709,-0.30575369352172815,-0.3774273484067306
2017,55899,59751,45617,48180,11322,9193,-0.3705346921296455,-0.4179190960738401,-0.3408028329466514,-0.3777106307195489,-0.40457181065732517,-0.44842348505359364
2018,56226,59988,44357,46339,10981,9213,-0.3977596854217702,-0.41933467522266504,-0.34414394141024396,-0.3806480486607814,-0.4196341563775922,-0.4524899913767523
2019,54688,59058,37257,40057,10840,9259,-0.4692328703337353,-0.5002752761505291,-0.4078367003375602,-0.43618653612834046,-0.5301664293084806,-0.5240827407584129
2020,57662,61094,50016,53292,11467,9365,-0.3823171390914433,-0.4054550276594429,-0.30894524887185876,-0.34186180718355785,-0.403905183068039,-0.41217029531045646
2021,58927,62816,39511,41437,11128,9241,-0.431173733984855,-0.4498216484163244,-0.39762241828573075,-0.400471470368105,-0.5017391680799741,-0.48248356502358375
2022,58018,61891,55505,59006,11178,9141,-0.3250296959917015,-0.35600311523499734,-0.27415643358525,-0.3051461497814356,-0.32796605538380064,-0.37832833223504625
2023,56073,59907,45896,48861,10755,9185,-0.3950904247003116,-0.3961680026820121,-0.3354827795179876,-0.3362176825640095,-0.43708696782848244,-0.4457513588129016
2024,55597,59303,40529,42759,11090,9176,-0.4884278906779665,-0.49969857239734555,-0.39141443706783646,-0.38367681313038804,-0.5372976366823903,-0.5469008922268955
2025,58639,62304,44765,47983,11070,9214,-0.4451997695206948,-0.4558987475399118,-0.36500922396216057,-0.365437260829203,-0.4970771539317684,-0.4622334877488062
2026,38917,41448,26136,27637,7736,6420,-0.5076610703252216,-0.5071204661164452,-0.4089548718541321,-0.4006904283050274,-0.55625553749237,-0.5120683075274449
