,interbank_carry,interbank_xs_momentum,interbank_ts_momentum,interbank_combo,retail_carry,retail_xs_momentum,retail_ts_momentum,retail_combo
2009-01-31,-0.07410537387616876,0.0,0.0,-0.024701791292056255,-0.07588306319146874,0.0,0.0,-0.025294354397156247
2009-02-28,0.0411195322531222,-0.031534693863578704,-0.00038261130593863373,0.0030674090278682863,0.03958528567777973,-0.03324256375944289,-0.0012332607099037542,0.001703153736144362
2009-03-31,0.09142511724735838,-0.09151006331829036,-0.04162914735980543,-0.0139046978102458,0.08972648711037208,-0.09329363952620863,-0.04247846242829858,-0.015348538281378376
2009-04-30,0.03197748527703135,-0.03197748527703135,-0.021916759476553384,-0.007305586492184462,0.030333649660592994,-0.033621320893469704,-0.022760331055415823,-0.008682667429430845
2009-05-31,0.0343131543366709,-0.0581721484986746,-0.072006225827623,-0.03195507332987557,0.032545050889078525,-0.05994768100290366,-0.0728772682182237,-0.03342663277734961
2009-06-30,0.0511409955332409,-0.028673711201201255,0.005272329214416302,0.009246537848818648,0.04949715991680254,-0.03031754681763961,0.004450411406197124,0.00787667483512002
2009-07-31,-0.01325349708878154,-0.010423262585770905,-0.023873970102125754,-0.015850243258892734,-0.014952127225767843,-0.012226503928256936,-0.024723285170618906,-0.01730063877488123
2009-08-31,0.026342702688520778,0.03264610849978407,-0.0006017409708622685,0.019462356739147525,0.024644072551534477,0.030867834674104092,-0.0014510560393554191,0.01802028372876105
2009-09-30,0.03041929167322839,0.010881070246463165,0.019711718581185762,0.020337360166959105,0.028775456056790036,0.009148178995058659,0.018812831217959576,0.018912155423269423
2009-10-31,0.01929557054048075,0.009564772938511523,0.004306194344898071,0.011055512607963447,0.017596940403494448,0.007700479150967165,0.003442238873969539,0.009579886142810384
2009-11-30,-0.02157984201597736,-0.018665298511674745,0.015898143791987243,-0.008115665578554953,-0.023223677632415715,-0.02047925027467067,0.015043448074209997,-0.009553159944292127
2009-12-31,0.008404828057771017,0.040415378153608926,-0.024461243647357724,0.008119654188007407,0.0067061979207847155,0.03871674801662262,-0.025310558715850875,0.006704129073852154
2010-01-31,0.0026420887131466536,-0.02053976064483492,-0.021537871111610516,-0.013145181014432928,0.0009434585761603522,-0.022297846712338826,-0.022410222700667604,-0.014588203612282025
2010-02-28,0.0038634446550639204,0.005320239990731076,-0.008491766943707494,0.00023063923402916764,0.0023291980797214545,0.0037859934153886103,-0.009258890231378726,-0.0010478995787562204
2010-03-31,-0.002970652727066,0.039201198680082525,0.005533194073003783,0.013921246675340102,-0.004669282864052301,0.03750256854309622,0.0046597843607499405,0.012497690013264623
2010-04-30,0.03268673866490847,0.039256879369005314,0.00029713610905084716,0.024080251380988207,0.031042903048470114,0.03754515298740439,-0.0005247816991683308,0.02268775811223539
2010-05-31,-0.02922653081682893,-0.014023353212187487,-0.04961352678508155,-0.030954470271365987,-0.030925160953815232,-0.01578135133538858,-0.050462841853574705,-0.03238978471425951
2010-06-30,-0.022585131274946435,-0.008432802220707776,-0.01050073999754599,-0.013839557831066733,-0.02422896689138479,-0.010076637837146133,-0.011373374786568908,-0.015226326505033276
2010-07-31,0.040726217979113744,-0.0019453551281324623,0.01627257154596985,0.018351144798983712,0.03894992877501958,-0.0037340464445829906,0.015403362710193989,0.016873081680210192
2010-08-31,-0.049302568041357825,0.020475646773126938,0.002939301948264447,-0.008629206439988813,-0.05100119817834413,0.018604076946431104,0.0020899868797712965,-0.010102378117380576
2010-09-30,0.048532327002991926,0.020146922271481623,0.016628087935084586,0.02843577906985271,0.04688849138655357,0.018416431201805365,0.01580617012686541,0.027037030905074783
2010-10-31,0.011880016593601477,0.0057448521642201236,0.009649598276608738,0.009091489011476779,0.010181386456615175,0.003950237745743314,0.008800283208115588,0.0076439691368246935
2010-11-30,0.007132265513469436,0.02113897630919013,-0.002110211436042987,0.008720343462205526,0.00548842989703108,0.019495140692751774,-0.002932129244262165,0.007350480448506897
2010-12-31,0.008275269193577031,0.04237567872861765,0.030979712220315137,0.027210220047503272,0.00657663905659073,0.040581718689402586,0.030130397151821985,0.025762918299271766
2011-01-31,-0.0023258875341204974,-0.041017655544435684,-0.014439847268816274,-0.01926113011579082,-0.004024517671106799,-0.04281065331919271,-0.015289162337309424,-0.020708111109202978
2011-02-28,-0.009767549510719951,-0.01239602278119667,0.007977184294544519,-0.004728795999124034,-0.011301796086062417,-0.014024504718129965,0.0071966781868454495,-0.006043207539115644
2011-03-31,0.018867983987257357,0.0021476451659758066,0.0057161769861021425,0.008910602046445101,0.017169353850271057,0.00038734515823609923,0.004851340378368989,0.0074693464622920475
2011-04-30,0.0213452141406545,0.007326539669598444,0.046648582584326595,0.025106778798193178,0.019701378524216145,0.0055883369477284775,0.04582666477610742,0.023705460082684014
2011-05-31,-0.0063259530714598,0.014291582980657278,-0.008785512581839638,-0.0002732942242140533,-0.008024583208446102,0.012455609463072101,-0.009634827650332788,-0.0017346004652355966
2011-06-30,-0.005286815231787646,0.0033088172865796653,0.005064131145792137,0.0010287110668613856,-0.006930650848226002,0.001596170077959126,0.004242213337572959,-0.00036408914423130545
2011-07-31,-0.012853939747112679,0.01971047168292005,0.03312082193447769,0.013325784623428353,-0.014552569884098981,0.01801184154593375,0.03227150686598454,0.011910259509273102
2011-08-31,-0.0125732862364166,-0.02031246984683973,-0.015342421964270745,-0.016076059349175692,-0.014271916373402901,-0.022073199638960154,-0.016191737032763897,-0.01751228434837565
2011-09-30,-0.04385499440029037,-0.09298090681083417,-0.07421552206848456,-0.07035047442653637,-0.04549883001672873,-0.09470368678584003,-0.07503743987670373,-0.07174665222642417
2011-10-31,0.06521597734938585,0.006365288205607838,0.007471504777288742,0.026350923444094138,0.06351734721239954,0.004582271800600209,0.006572022164778695,0.024890547059259485
2011-11-30,-0.008980024282081486,0.005660547867213144,-0.022152566093077086,-0.00849068083598181,-0.010623859898519843,0.0038718663830224036,-0.023024683824472578,-0.009925559113323339
2011-12-31,0.006440250538822443,-0.009575561074911679,-0.010597670408654832,-0.00457766031491469,0.004741620401836142,-0.011410749887762356,-0.011446985477147982,-0.006038704987691399
2012-01-31,0.03918625195150746,0.009147850178367148,0.011470680032825724,0.01993492738756678,0.03748762181452116,0.007360506329490862,0.01056100659436283,0.018469711579458283
2012-02-29,0.03504782546665444,-0.03893439202442886,-0.005227450791146367,-0.003038005782973595,0.03345878437076403,-0.040589502535678,-0.006080235402731394,-0.004403651189215122
2012-03-31,-0.01566894600244391,-0.02196722558425821,-0.009897161812570873,-0.015844444466424332,-0.01736757613943021,-0.0238184844867718,-0.010768125182754756,-0.01731806193631892
2012-04-30,-0.00905814037391558,0.00440070760381947,0.007732227602781898,0.0010249316108952627,-0.010701975990353937,0.0027568719873811145,0.006896930149819047,-0.0003493912843845915
2012-05-31,-0.048999271405567715,-0.01735737001095823,0.03378971781626302,-0.010855641200087642,-0.05069790154255402,-0.01905600014794453,0.032883038495938106,-0.012290287731520149
2012-06-30,0.05556867909223398,-0.006881621684119689,-0.031407213204810026,0.005759948067768088,0.053924843475795625,-0.008698048114403284,-0.032257580677038676,0.004323071561451221
2012-07-31,0.024218607714428075,0.03918879993290493,0.003993076731417745,0.02246682812625025,0.022519977577441775,0.037429664589024664,0.0031437616629245943,0.02103113460979701
2012-08-31,-0.018704669098094547,-0.030895478798336602,-0.007431712266349134,-0.019010620054260092,-0.020403299235080847,-0.03265373903196692,-0.008308460822351817,-0.020455166363133197
2012-09-30,0.010335996556082704,-0.01199034209939064,-0.01317958791843091,-0.004944644487246282,0.008692160939644348,-0.013634177715828996,-0.014022265420735237,-0.0063214273989732955
2012-10-31,0.0050190094372365825,-0.010583740459174212,-0.0021943636019856353,-0.002586364874641088,0.0033203793002502813,-0.012375698224266748,-0.003104551532392918,-0.004053290152136462
2012-11-30,0.0006646539804306636,-0.00019219547551748765,0.004785542871054175,0.0017526671253224504,-0.0010551335391487692,-0.0019097028754497768,0.003963625062834998,0.00033292954941215063
2012-12-31,-0.009615741095686612,0.02247168593531854,0.007026289166557575,0.006627411335396501,-0.011314371232672914,0.02061348749183518,0.006176974098064425,0.00515869678574223
2013-01-31,-0.00678753335043047,0.023580415526136492,0.011475785020039063,0.00942288906524836,-0.008486163487416772,0.021881785389150192,0.010586804489017098,0.007994142130250173
2013-02-28,0.01763457386030807,-0.010596683255297766,-0.024197644052356516,-0.005719917815782072,0.016100327284965604,-0.012259386954620423,-0.024964767340027748,-0.007041275669894188
2013-03-31,0.0349979020934549,0.01439240895844149,0.003796192179694115,0.017728834410530168,0.0332992719564686,0.012640324538176304,0.002851681090999029,0.016263759195214642
2013-04-30,-0.012314614107684137,0.017202783200987216,-0.003347642301437213,0.0005135089306219551,-0.013958449724122494,0.01542948829626555,-0.004190134435092841,-0.0009063652876499283
2013-05-31,-0.05580628694928888,-0.0500046762994243,-0.0043688146166728815,-0.036726592621795354,-0.057504917086275184,-0.051703306436410607,-0.005218129685166032,-0.03814211773595061
2013-06-30,-0.0395785755254804,-0.04114007581925239,-0.01202305404315499,-0.030913901795962595,-0.041222411141918755,-0.04278391143569075,-0.01290456329150916,-0.03230362862303956
2013-07-31,-0.011759014996111278,0.028776101419169732,-0.007669248549700104,0.003115945957786116,-0.01345764513309758,0.026941888788699873,-0.008612784349941817,0.001623819768553492
2013-08-31,-0.013054591003102424,-0.0006688338867447422,-0.0038847730710508603,-0.005869399320299343,-0.014753221140088726,-0.0024549373708593275,-0.004784072909331601,-0.007330743806759884
2013-09-30,0.03484881588786011,0.0016264406092908138,-0.019382338630434242,0.00569763928890556,0.033204980271421755,-1.7395007147542234e-05,-0.020231985638980255,0.004318533208431319
2013-10-31,0.006367353700996191,-0.006681993669146593,-0.001934396879434179,-0.0007496789491948603,0.00466872356400989,-0.008380623806132895,-0.0028227907062996532,-0.0021782303161408862
2013-11-30,-0.02644590593867201,0.03010014971519171,0.008176639425485176,0.003943627734001626,-0.028089741555110365,0.02836955303650853,0.00734135840973984,0.002540389963712669
2013-12-31,0.003733577582778635,0.03641213104533736,0.014147149592826157,0.01809761940698072,0.0019707348332352282,0.034713500908351055,0.013284738136665964,0.016656324626084084
2014-01-31,-0.023321996977559014,-0.021038987131823186,-0.003469274111454589,-0.0159434194069456,-0.025020627114545314,-0.02280594727107802,-0.004318589179947739,-0.017381721188523692
2014-02-28,0.014124276197685907,0.012269832258196332,-0.006278802559306934,0.006705101965525102,0.012590029622343442,0.010666377228210623,-0.007088338484428754,0.0053893561220417704
2014-03-31,0.04795886816384351,-0.015705670730432338,-0.00038997671993798785,0.010621073571157729,0.046260238026857206,-0.017474114097323405,-0.0012803969307070488,0.009168575666275583
2014-04-30,-0.006438341197369184,0.0033626094529527377,-0.0001991847146361142,-0.0010916388196841867,-0.00808217681380754,0.0016485044311603462,-0.0010211025228552921,-0.002484924968500829
2014-05-31,0.0024169115998821065,-0.019616855579122974,-0.01028548585985897,-0.009161809946366612,0.0007182814628958051,-0.0213851252247892,-0.01113480092835212,-0.010600548230081837
2014-06-30,0.017495650006183996,0.01634944391461062,0.004451068842354666,0.012765387587716427,0.01585181438974564,0.014542424269167438,0.003629151034135488,0.011341129897682857
2014-07-31,-0.000311276732639601,-0.002093226065207886,-0.009092218139294634,-0.003832240312380707,-0.002009906869625902,-0.0037918562021941873,-0.009964252459930588,-0.00525533851058356
2014-08-31,0.007566550060988028,-0.01093278357459625,-0.006511106092093286,-0.003292446535233836,0.005867919924001727,-0.012631413711582553,-0.007360421160586436,-0.004707971649389087
2014-09-30,-0.024884890742069513,-0.003716798936734371,-0.01012464718334296,-0.012908778954048947,-0.026593315876033616,-0.005360634553172727,-0.010962883937749869,-0.014305611455652073
2014-10-31,0.012229015805604093,0.007951488135608479,0.003290187889932296,0.007823563943714956,0.010530385668617791,0.006252857998622178,0.0023664816798506416,0.006383241782363536
2014-11-30,-0.007560997667004266,0.023387882228905116,0.010899734942731163,0.008908873168210672,-0.009204833283442623,0.021680797137813398,0.010077817134511986,0.007517926996294254
2014-12-31,0.009131395562594487,-0.0016557360172209505,0.01861766191347542,0.00869777381961632,0.007432765425608186,-0.0034224515960872065,0.017754645624751597,0.007254986484757526
2015-01-31,-0.06143881917465288,-0.03227210511999433,0.030707108285914914,-0.021001272002910767,-0.06313744931163918,-0.03397073525698063,0.02985779321742176,-0.022416797117066022
2015-02-28,0.04787074110787486,0.04366787331334637,-0.004587081932000988,0.02898384416307342,0.0463364945325324,0.042055877540302704,-0.005354205219672221,0.02767938895105429
2015-03-31,0.014352480972529301,-0.006674144989231911,0.02218045900353475,0.009952931662277379,0.012653850835542999,-0.008515977157979141,0.021331143935041597,0.008489672537535152
2015-04-30,-0.011734804108591611,-0.003983079927175621,-0.034421014310956,-0.01671296611557441,-0.013378639725029968,-0.005707438020490645,-0.035242932119175174,-0.018109669954898596
2015-05-31,-0.03409214619780519,-0.010885545034210017,0.028961115342500097,-0.005338858629838372,-0.035790776334791496,-0.012657855901716109,0.028111800274006945,-0.0067789439875002196
2015-06-30,-0.027410031126172116,-0.03485419991019131,-0.002973837338747374,-0.0217460227917036,-0.02905386674261047,-0.036577323203742046,-0.003795755146966552,-0.023142315031106354
2015-07-31,-0.014822312397401297,-0.006080028531243638,0.026644522719151742,0.0019140605968356028,-0.016520942534387597,-0.007857965704878435,0.02579520765065859,0.0004720998037975194
2015-08-31,-0.038876996681337955,-0.002256213328597858,0.006284885829116153,-0.011616108060273219,-0.04057562681832426,-0.004042026314598807,0.005435570760623003,-0.013060694124100021
2015-09-30,0.004651400729322028,-0.010070938629629026,0.003795508811038078,-0.0005413430297563066,0.0030075651128836723,-0.011800958310485882,0.0029735910028189,-0.0019399340649277697
2015-10-31,0.054942593107300985,-0.037069429960057694,-0.011127446830863474,0.002248572105459939,0.05324396297031468,-0.038768060097044,-0.011976761899356625,0.0008330469913046864
2015-11-30,0.0350923383289574,-0.026641085111838395,0.023055747640358837,0.01050233361915928,0.03344850271251904,-0.02828492072827675,0.02223382983213966,0.00913247060546065
2015-12-31,-0.0021054091738048532,0.013014218637132643,-0.009662729492116023,0.00041535999040392203,-0.0038040393107911545,0.011163624517861025,-0.010512044560609174,-0.001050819784513101
2016-01-31,-0.026421846057251223,0.0060068411028978115,0.022024323790281422,0.0005364396119760031,-0.028120476194237524,0.004140154093420465,0.02117500872178827,-0.0009351044596762626
2016-02-29,0.0010979814525341868,-0.0031268850587142234,-0.01931997060210821,-0.007116291402762748,-0.000491059643356224,-0.004871965968280977,-0.020114491150053416,-0.008492505587230206
2016-03-31,0.019421061503003677,-0.021849722550159496,-0.03886741062234894,-0.013765357223168254,0.017722431366017376,-0.02370427291371766,-0.039735744401449585,-0.01523919531638329
2016-04-30,-0.00032869476629867407,0.00757985946425483,-0.00092602641282124,0.0021083794283783056,-0.00197253038273703,0.0059360238478164745,-0.0018170479813024963,0.0007154818279256492
2016-05-31,-0.006886582493595396,0.0013073289117564828,0.013796376305400643,0.00273904090785391,-0.008585212630581698,-0.00039130122522981867,0.012896543965143165,0.0013066767031105493
2016-06-30,0.035865794901556,0.06700942144942436,0.0050917144924457255,0.03598897694780869,0.03422195928511765,0.06521783733587724,0.004269796684226548,0.03456986443507381
2016-07-31,0.010894645916658346,0.011400870660625702,0.0007596674639084714,0.007685061347064173,0.009196015779672044,0.009615904394472697,-0.0001389825355370812,0.006224312546202554
2016-08-31,0.007867971965610732,0.008127155432858423,-0.00020924606983482798,0.005261960442878109,0.00616934182862443,0.006428525295872122,-0.001122376107449614,0.0038251636723489794
2016-09-30,0.0036585325402516133,0.013734764851658369,0.00543972729659887,0.00761100822950295,0.0020146969238132575,0.012090929235220012,0.004598603785054032,0.006234743314695767
2016-10-31,0.010285601722551562,0.012680389745421915,0.0032630551080250867,0.008743015525332855,0.00858697158556526,0.010981759608435613,0.002413740039531936,0.007327490411177602
2016-11-30,0.014433971397215613,-0.05775085035737933,-0.011161687966087616,-0.018159522308750443,0.012790135780777256,-0.059460574748578736,-0.01199958806167045,-0.019556675676490644
2016-12-31,-0.01801726242011066,-0.015243231313603315,-0.006372380622899497,-0.013210958118871158,-0.01971589255709696,-0.016941861450589617,-0.007221695691392647,-0.014626483233026406
2017-01-31,0.027903832917081414,0.023323252908203883,0.014617598534769386,0.021948228120018228,0.026205202780095114,0.021561039366418792,0.013752329142441752,0.020506190429651888
2017-02-28,0.01698707119128936,0.0007384134456347581,-0.0009087311545351511,0.005605584494129655,0.015452824615946893,-0.0008578599800064057,-0.0016975106200642414,0.004299151338625416
2017-03-31,-0.018458708528994738,-0.024362221909949362,-0.009072226239736312,-0.017297718892893468,-0.020157338665981038,-0.026138032781730183,-0.009961849595862115,-0.018752407014524446
2017-04-30,-0.03247871590388561,-0.0444878673714889,-0.010325932039203891,-0.029097505104859464,-0.034122551520323965,-0.04613170298792726,-0.01118318333726299,-0.030479145948504736
2017-05-31,-0.01550519466549204,0.00010141053231246117,-0.013265263162142228,-0.009556349098440602,-0.01720382480247834,-0.0015972196046738403,-0.014193646621739785,-0.010998230342963988
2017-06-30,0.022705541252406748,0.009546616578100454,0.003941086106413648,0.012064414645640282,0.021061705635968393,0.00784164959931938,0.0030379174357742546,0.01064709089035401
2017-07-31,0.021218138126253665,0.005386578850293514,0.0029077899411988238,0.009837502305915334,0.019519507989267364,0.0036257658659380907,0.0020397191756626964,0.00839499767695605
2017-08-31,-0.031081192790560704,-0.015312229948760568,-0.004755780708696332,-0.017049734482672534,-0.032779822927547005,-0.017069292055276,-0.005644443611105841,-0.018497852864642946
2017-09-30,0.005322239809919408,-0.017375609151830545,-0.005817513307075189,-0.005956960882995441,0.003678404193481052,-0.01910319101836467,-0.006661785143490247,-0.007362190656124622
2017-10-31,-0.012488471156018317,-0.014404643454847743,0.0017632346764735421,-0.008376626644797507,-0.01418710129300462,-0.016181234939474806,0.000846024338196589,-0.009840770631427612
2017-11-30,-0.022964424818250024,-0.0023877290886630117,0.0008465384323319678,-0.008168538491527023,-0.02460826043468838,-0.004157834759544599,2.4620624112789923e-05,-0.009580491523373397
2017-12-31,0.026495402160456503,-0.015908234793025684,0.003698261209967694,0.004761809525799504,0.024796772023470203,-0.01776047620302701,0.0028081138702078937,0.0032814698968836957
2018-01-31,-0.001784614664420623,7.889089428689603e-05,0.03516723440664938,0.01115383687883855,-0.0034832448014069243,-0.0016915232963075288,0.03428768587535649,0.00970430592588068
2018-02-28,-0.011348234471284965,-0.02603205421871331,-0.02080313642000503,-0.01939447503666777,-0.01288248104662743,-0.027640919738577435,-0.021570259707676263,-0.02069788683096038
2018-03-31,-0.0021365937200712266,0.009938072806167216,0.00026050089606128007,0.0026873266607190895,-0.003835223857057528,0.008239442669180913,-0.0005888141724318704,0.0012718015465638384
2018-04-30,0.007670328363532762,0.004351524519780892,-0.022430954302521757,-0.0034697004730693676,0.006026492747094406,0.0026069758007450285,-0.023252872110740935,-0.004873134520967166
2018-05-31,0.01580342924802476,-0.03888184566922457,-0.01137120143472712,-0.011483205951975642,0.01410479911103846,-0.04065262307191964,-0.012242143611502875,-0.012929989190794687
2018-06-30,-0.022979235515942636,0.01460982902328004,-0.003693729663281111,-0.0040210453853145684,-0.02462307113238099,0.012862841387693396,-0.004546274154691752,-0.005435501299793116
2018-07-31,0.006142441527188009,-0.011680060381833913,-0.0017311307975158034,-0.002422916550720569,0.0044438113902017075,-0.013444667984344953,-0.002645073336571637,-0.0038819766435716275
2018-08-31,-0.03517705505428538,0.02576938933486941,0.009091358485594342,-0.00010543574460720959,-0.036875685191271684,0.023982335876901024,0.008207383722656258,-0.0015619885305714672
2018-09-30,0.010776837940437016,-0.0045677614204493264,0.0035769960357184016,0.0032620241852353636,0.009133002323998659,-0.006306996566564407,0.0027550782274992237,0.0018603613283111585
2018-10-31,0.010281935779556882,0.005735817948189722,0.018683411289079972,0.011567055005608859,0.00858330564257058,0.0038753017656991727,0.01783409622058682,0.010097567876285523
2018-11-30,0.040550501884684155,-0.04480583292479833,-0.010289809817992381,-0.004848380286035519,0.0389066662682458,-0.046511375404776824,-0.011111727626211558,-0.0062388122542475265
2018-12-31,-0.044066429575777624,-0.001958383135545869,-0.002273921848828288,-0.01609957818671726,-0.04576505971276393,-0.003895992345608037,-0.003154400309061893,-0.01760515078914462
2019-01-31,0.04041459110280213,0.005473657769916757,-0.014247596645495197,0.01054688407574123,0.038715960965815824,0.003691670836949156,-0.015148387434352099,0.00908641478947096
2019-02-28,-0.013144701858023067,-0.008331694444674949,0.01067978082952651,-0.0035988718243905016,-0.014678948433365533,-0.010042230198530752,0.009892973199961881,-0.004942735143978134
2019-03-31,0.006804152041331274,0.0019543441851889868,0.0068660901576870215,0.005208195461402428,0.005105521904344973,3.7955620404441035e-05,0.006016775089193871,0.003720084204647762
2019-04-30,0.0011704185505831046,-0.0066904868733164286,0.009693321303619721,0.0013910843269621324,-0.00047341706585525144,-0.008513867197691618,0.008871403495400543,-3.8626922715442186e-05
2019-05-31,-0.023953056980531746,0.04035464185491754,0.006574529805109197,0.007658704893164998,-0.025651687117518047,0.03841933478904544,0.005725214736616047,0.006164287469381147
2019-06-30,0.0002279523518387873,0.00406908016985995,-0.01619012946172733,-0.003964365646676198,-0.0014158832645995688,0.0022119109428084763,-0.01701204726994651,-0.005405339863912534
2019-07-31,0.007803678068468875,0.018247639829569808,0.020460984948757987,0.015504100948932223,0.0060229531944071026,0.016484710764934032,0.019591811694190983,0.014033158551177372
2019-08-31,-0.020332758702514712,0.019603512350465292,0.013695765517909998,0.00432217305528686,-0.022031388839501013,0.017904882213478992,0.012846450449416848,0.002906647941131609
2019-09-30,0.008777454842718994,-0.013221309024752513,-0.0007980593116794486,-0.0017473044979043225,0.007133619226280638,-0.015039321341330415,-0.0016199771198986265,-0.0031752264116494677
2019-10-31,-0.00054340654686846,-0.032085124146010086,-0.018811209678651086,-0.01714658012384321,-0.002242036683854761,-0.03388124958007754,-0.019660524747144238,-0.018594603670358843
2019-11-30,0.010531818619257872,0.0053791097075760845,0.006635002943930491,0.007515310423588149,0.008887983002819516,0.003585374076675402,0.005813085135711313,0.006095480738402077
2019-12-31,0.011430464218944164,-0.027745205489593597,-0.024385830556582562,-0.013566857275743999,0.009731834081957862,-0.02953633320860814,-0.025235145625075714,-0.015013214917241996
2020-01-31,-0.025305634483170712,0.014326429821066928,0.010405844475271514,-0.00019112006227742345,-0.027004264620157013,0.012478046860259003,0.009504135902789897,-0.0016740272857027044
2020-02-29,-0.01761126195391974,0.009788648482543941,0.015317040525304587,0.0024981423513095956,-0.01920030304981015,0.008018123258419031,0.01446783813529624,0.0010952194479683733
2020-03-31,-0.04861568541745713,0.056319292844253445,0.027838032287780194,0.01184721323819217,-0.050314315554443434,0.05446388483449212,0.02696887484709176,0.010372814709046815
2020-04-30,0.024268524839344673,-0.04493745495847067,-0.014632515423358843,-0.011767148514161614,0.02262468922290632,-0.04658129057490903,-0.01545443323157802,-0.013137011527860244
2020-05-31,0.003774678156961455,-0.018654366543951223,-0.006257170085879431,-0.0070456194909564,0.002076048019975154,-0.020352996680937523,-0.007106485154372581,-0.00846114460511165
2020-06-30,0.010021989534631673,-0.03172722323346993,-0.012845826612286927,-0.011517020103708394,0.008320537203081561,-0.033371058849908285,-0.013687628588598908,-0.012912716745141876
2020-07-31,-0.0010424933763964021,-0.0027307493740881122,-0.022393078736976074,-0.008722107162486862,-0.0027411235133827034,-0.0044293795110744135,-0.023242393805469226,-0.010137632276642114
2020-08-31,0.010241045419031595,-0.0062532905988946135,0.008960500832894848,0.004316085217677276,0.008485788614425423,-0.00809649304497666,0.007994022209097647,0.0027944392595154704
2020-09-30,-0.00021792152417569356,-0.018971776171741925,-0.020771278046776746,-0.013320325247564789,-0.0018617571406140496,-0.020706725666789962,-0.02162985622988449,-0.014732779679096168
2020-10-31,0.0017488862527482967,-0.01145803195488987,-0.0017457278593012784,-0.003818291187147618,5.02561157619953e-05,-0.01323807729088115,-0.00263145779637149,-0.005273092990496882
2020-11-30,0.02578114187863479,-0.010677563827137951,0.012025311638231489,0.009042963229909442,0.024137306262196435,-0.01247178731649965,0.011186843092070076,0.007617454012588953
2020-12-31,-0.0017945782554064406,0.0013170127818633078,0.025202825338397992,0.008241753288284954,-0.003493208392392742,-0.0003816173551229936,0.024320936742696482,0.006815370331726915
2021-01-31,0.004948077111307353,-0.006535697405598931,-0.005177695848180779,-0.002255105380824119,0.0032494469743210514,-0.008234327542585233,-0.006027010916673929,-0.00367063049497937
2021-02-28,0.018290102300649147,-0.0018896920124054314,-0.0013900888736587576,0.005003440471528319,0.016755855725306683,-0.0035983096618497834,-0.0021572121613299905,0.003666777967375636
2021-03-31,0.023562361057019362,-0.011996408050935277,-0.021781375791950053,-0.0034051409286219893,0.02186373092003306,-0.013757177622633543,-0.022630690860443205,-0.004841379187681229
2021-04-30,-0.004578927699012775,-0.0028791691514726504,0.015242092874474538,0.0025946653413297044,-0.006222763315451131,-0.00459260254655489,0.014400818254399702,0.0011951507974645604
2021-05-31,0.0007230705612129885,0.0025014608014073273,0.014093884415692683,0.005772805259437666,-0.0009755595757733129,0.0008028306644210258,0.013244569347199532,0.004357280145282415
2021-06-30,-0.002693172180306718,-0.01290736311827712,-0.024338030590173795,-0.013312855296252544,-0.004337007796745074,-0.014551198734715477,-0.025159948398392973,-0.014682718309951173
2021-07-31,-0.014776910361961087,-0.015820051403136554,-0.0021819476219749404,-0.010926303129024192,-0.016475540498947387,-0.01759582424474433,-0.003031262690468091,-0.012367542478053268
2021-08-31,0.00832332682229087,-0.003752128192316021,-0.0041287181008991935,0.00014749350969188503,0.0066246966853045685,-0.005534684407643066,-0.004978033169392344,-0.0012960069639102803
2021-09-30,0.00686810063658907,0.0032284755084855026,0.002369318450056564,0.004155298198377046,0.005224265020150714,0.0015118943028723717,0.0014765361175335234,0.002737565146852203
2021-10-31,0.02393028608120123,0.03031341140661468,0.018065758370732838,0.02410315195284958,0.022231655944214928,0.02845815548192001,0.017186788484320266,0.022625533303485063
2021-11-30,-0.02819279628447202,-0.041497037686176096,-0.02078334144925796,-0.030157725139968696,-0.029836631900910376,-0.043198578365069074,-0.02160525925747714,-0.03154682317448553
2021-12-31,0.005438879587849604,0.021133247292232617,-0.002809985987520508,0.007920713630853905,0.003682697175555633,0.01927751554763744,-0.003736914385553233,0.006407766112546614
2022-01-31,-0.007106675910482127,0.001116400838324397,0.013818662959796448,0.002609462629212906,-0.008805306047468429,-0.0005822292986619045,0.012969347891303298,0.0011939375150576547
2022-02-28,0.010281796175640744,0.0010297915541289408,-0.008898636132711782,0.0008043171990193011,0.008747549600298278,-0.0005044550212135251,-0.009665759420383014,-0.00047422161376608693
2022-03-31,0.012391308652764131,-0.023880517483587715,0.0086707931330067,-0.0009394718992722945,0.010692678515777829,-0.025821083109002732,0.00782147806451355,-0.0024356421762371174
2022-04-30,-0.005157588744904337,0.012902176696803722,0.029490681843255772,0.012411756598385053,-0.006801424361342693,0.011170328277494415,0.028645535986703673,0.011004813300951799
2022-05-31,-0.0085379234407859,0.002285177557784654,-0.011849867414540126,-0.00603420443251379,-0.010236553577772202,0.0005045317148832833,-0.012737872867901862,-0.007489964910263593
2022-06-30,-0.026738267907295294,0.03260364681268612,0.030112278877167876,0.011992552594186233,-0.02838210352373365,0.030959811196247765,0.0292903610689487,0.010622689580487605
2022-07-31,0.019645773704658767,0.014388478118912992,-0.002271001880041424,0.01058774998117678,0.017887212127553606,0.012596220964720411,-0.003120316948534575,0.009121038714579815
2022-08-31,-0.0018276772457895604,0.00805858397905852,0.030560259653420383,0.012263722128896447,-0.0035263073827758616,0.006359953842072218,0.02971094458492723,0.010848197014741197
2022-09-30,-0.042953707781179344,-0.024139997742725433,0.0473313862652214,-0.00658743975289446,-0.04466183776053157,-0.025783833359163788,0.046509468457002226,-0.00797873422089771
2022-10-31,0.05056364972416846,0.018845656045960103,-0.005238066258446493,0.02139041317056069,0.04886501958718215,0.017147025908973802,-0.006087381326939643,0.019974888056405436
2022-11-30,-0.015301563628228397,-0.040194756573785684,-0.053864168658770514,-0.0364534962869282,-0.016945399244666752,-0.04203716858145776,-0.05468608646698969,-0.03788955143103807
2022-12-31,-0.03420930159773248,-0.02400725273113982,-0.013817543766197711,-0.02401136603169,-0.03590793173471878,-0.02570588286812612,-0.014666858834690861,-0.025426891145845256
2023-01-31,0.011027345616611306,0.0012600201357300628,-0.015122342574668868,-0.0009449922741091663,0.009328715479625004,-0.0005287035437766762,-0.01597165764316202,-0.0023905485691045644
2023-02-28,0.007630056579514686,0.0015082317935339329,0.035433064629467104,0.014857117667505242,0.00609581000417222,-0.00011245922654563108,0.03466594134179587,0.013549764039807484
2023-03-31,-0.013752014149636735,-0.01390326566982515,-0.015418553000827439,-0.014357944273429775,-0.015450644286623037,-0.015718294422725272,-0.01626786806932059,-0.015812268926222967
2023-04-30,-0.0021307875874457035,0.03812598141934821,0.00030397862122877176,0.01209972415104376,-0.0037746232038840593,0.03630490367833268,-0.0005179391869904062,0.010670780429152739
2023-05-31,0.01001699501855989,-0.004328811474381862,0.004252881393115513,0.0033136883124311803,0.008318364881573588,-0.006027441611368163,0.0033601341764954366,0.0018836858155669538
2023-06-30,0.03181247174148246,0.024471134839943225,-0.007538348554364644,0.01624841934235368,0.030110854907397788,0.02282729922350487,-0.008380314236907707,0.014852613297998316
2023-07-31,-0.004248587916178365,0.008899067674469421,0.001148614871483934,0.00193303154325833,-0.005947218053164666,0.007136513464800854,0.0002627717614580603,0.00048402239103141604
2023-08-31,-0.0043452949259468465,0.01767121225569224,0.011854914831956867,0.008393610720567421,-0.006043925062933148,0.015895459364365185,0.011005599763463717,0.006952378021631918
2023-09-30,0.017333966193547042,-0.01828677454393373,-0.008960638378955093,-0.003304482243113927,0.015690130577108687,-0.020007653757775683,-0.00978255618717427,-0.004700026455947089
2023-10-31,-0.006937103432452945,0.015288427176893873,-0.00263493165179199,0.0019054640308829793,-0.008635733569439247,0.01351331483130855,-0.003535789350568504,0.0004472639704335996
2023-11-30,0.019105099488151533,0.007622117412700827,0.010857935087566236,0.01252838399613953,0.01746126387171318,0.005901615850107663,0.010020570369346936,0.011127816697055926
2023-12-31,-0.023498410020997694,-0.015042987835056722,-0.009596319678799356,-0.016045905844951257,-0.025197040157983994,-0.016741617972043023,-0.010480461530481851,-0.01747303988683629
2024-01-31,0.01836673310660876,0.026056115885747293,0.006900885663737194,0.01710791155203108,0.01666810296962246,0.024357485748760992,0.006035393326894438,0.015686994015092628
2024-02-29,0.022521611129141403,0.0011276754237565488,0.0028024021757580837,0.008817229576218678,0.020932570033250993,-0.00046136567213386206,0.0019721218982409663,0.007481108753119366
2024-03-31,0.008047508229458523,-0.004848192052600887,0.0011777583117729385,0.001459024829543525,0.006348878092472222,-0.006546822189587188,0.00029282824009635173,3.162804766046204e-05
2024-04-30,0.02246944442834309,0.009245650272836362,0.01596525188328336,0.015893448861487604,0.020825608811904733,0.007601814656398006,0.015083844050369277,0.014503755839557339
2024-05-31,0.02387794948608471,0.007636371138066606,-0.01851951646817501,0.004331601385325435,0.02217931934909841,0.005771002635707458,-0.019385987157592984,0.002854778275737628
2024-06-30,0.004876010630720482,0.009761279547749174,0.004114312239342235,0.006250534139270631,0.003232175014282126,0.00803354427140456,0.0032084721776547876,0.0048247304877804915
2024-07-31,-0.045932761322800636,-0.046050574748467875,-0.008304576460611746,-0.03342930417729342,-0.04763139145978694,-0.047867018311121425,-0.009238162849841459,-0.03491219087358328
2024-08-31,0.009146422072324177,0.009146422072324177,-0.022025185404312815,-0.0012441137532214867,0.007447791935337876,0.007447791935337876,-0.02289116978804161,-0.0026651953057886192
2024-09-30,0.009834259040642451,0.009834259040642451,0.007637197395589793,0.00910190515895823,0.008190423424204094,0.008190423424204094,0.006704679406907504,0.0076951754184385645
2024-10-31,-0.005760181415062279,-0.0026863241853710635,-0.014690942327370001,-0.007712482642601114,-0.0074588115520485805,-0.0044570368571121895,-0.015540257395863151,-0.009152035268341309
2024-11-30,-0.006215971922164661,-0.01494551451976435,-0.013375978368454063,-0.01151248827012769,-0.007859807538603018,-0.016589350136202705,-0.01419789617667324,-0.012882351283826322
2024-12-31,0.005917548146828634,0.0065358514496046275,0.03233284079615574,0.014928746797529667,0.004218918009842333,0.004716239351784229,0.03136978536078076,0.013434980907469106
2025-01-31,-0.002728428917543259,-0.004849399844949377,0.001080440390854861,-0.002165796123879258,-0.00442705905452956,-0.006615446023085619,0.0002139971269541223,-0.003609502650220352
2025-02-28,-0.009615564607099914,-0.003029219538079575,-0.006148041301828704,-0.006264275149002731,-0.011276784521199007,-0.004767840833383372,-0.006915164589499937,-0.0076532633146941045
2025-03-31,0.0077593875557391435,0.009382835271879268,-0.01572530069114729,0.0004723073788237067,0.006060757418752842,0.007587600019264792,-0.01657461575964044,-0.0009754194405409358
2025-04-30,-0.02660872024656432,-0.004337320866455271,-0.032850053932404304,-0.0212653650151413,-0.028252555863002675,-0.006117276709061887,-0.033688561174260216,-0.022686131248774926
2025-05-31,0.010645409187323438,-0.0035868054233084033,-0.0005034774286083062,0.0021850421118022427,0.008946779050337136,-0.005407224589253178,-0.0014487455822130035,0.0006969362929569847
2025-06-30,0.006742274098767594,-0.008073625771901492,0.004558508354437814,0.0010757188937679724,0.0050984384823292385,-0.009881250368387702,0.003700600335555937,-0.00036073718350084215
2025-07-31,0.006365297125846419,-0.014318753080748616,-0.010106022269385201,-0.006019826074762466,0.004666666988860118,-0.01609198922085176,-0.010955337337878351,-0.007460219856623332
2025-08-31,0.002237173928235559,0.009788459472435005,0.001387866452118673,0.004471166617596413,0.0005385437912492576,0.007941344241931202,0.0005243336302011766,0.003001407221127212
2025-09-30,0.007164678011134946,0.015052553593364996,0.00423148723931717,0.008816239614605703,0.00552084239469659,0.013160242821004848,0.0034095694310979923,0.007363551548933144
2025-10-31,0.011708601909885978,-0.003999598098091547,0.0029641646590459316,0.0035577228236134545,0.010009971772899676,-0.005780306671300493,0.002114849590552781,0.002114838230717321
2025-11-30,0.0129905440800661,0.0003753101083199738,0.0032223764190708742,0.005529410202485649,0.011346708463627743,-0.001352629956834631,0.0024004586108516963,0.0041315123725482695
2025-12-31,0.016016354821926287,0.01173260669533154,0.0062179081969228,0.011322289904726876,0.014317724684939985,0.009983125941516773,0.005335873256342536,0.009878907960933098
2026-01-31,0.013025302023037713,0.006066870186080869,0.018179277915923553,0.012423816708347378,0.011326671886051411,0.004275763047926984,0.017277118846763213,0.010959851260247204
2026-02-28,0.007248986671686237,0.006684241035457097,0.000899621951737982,0.0049442832196271045,0.005714740096343771,0.005060140164383778,0.00013249866406674917,0.0036357929749314326
2026-03-31,0.005652811475796406,-0.012611218589128444,-0.02275360833416091,-0.009904005149164315,0.003954181338810105,-0.014399940106889888,-0.02360292340265406,-0.011349560723577947
2026-04-30,0.02019395652657905,0.014155409820258372,0.02045916536323454,0.01826951057002399,0.018550120910140695,0.012424758274691033,0.019637247555015364,0.016870708913282365
2026-05-31,0.0040455470976982376,-0.0017945831834032895,-0.004937933952064516,-0.0008956566792565228,0.0023469169607119363,-0.003664300011035242,-0.005823526207286021,-0.0023803030858697755
2026-06-30,0.004641715597449556,0.00885021318313595,0.003371508014783219,0.005621145598456241,0.0029978799810112004,0.007206377566697594,0.0025181165460457433,0.004240791364584846
2026-07-31,0.0016646325497074426,-0.025072144033891384,-0.011455882823404092,-0.011621131435862677,-3.399758727885881e-05,-0.026850014431814125,-0.012350478041003778,-0.013078163353365585
2026-08-31,0.023917291566058936,0.01830902560629414,0.0034177273163017653,0.01521468149621828,0.022218661429072636,0.016536101564821746,0.0025525080125107552,0.01376909033546838
