month,USD,EUR,GBP,JPY,CHF,CAD,AUD,NZD
1956-01-01,,,,,,2.94,,
1956-02-01,,,,,,2.94,,
1956-03-01,,,,,,2.68,,
1956-04-01,,,,,,3.19,,
1956-05-01,,,,,,3.53,,
1956-06-01,,,,,,3.78,,
1956-07-01,,,,,,3.95,,
1956-08-01,,,,,,4.12,,
1956-09-01,,,,,,4.12,,
1956-10-01,,,,,,4.29,,
1956-11-01,,,,,,4.29,,
1956-12-01,,,,,,4.98,,
1957-01-01,,,4.84,,,4.98,,
1957-02-01,,,4.44,,,5.32,,
1957-03-01,,,4.25,,,5.32,,
1957-04-01,,,4.18,,,5.32,,
1957-05-01,,,4.04,,,5.32,,
1957-06-01,,,4.08,,,5.32,,
1957-07-01,,,4.06,,,5.32,,
1957-08-01,,,4.17,,,5.32,,
1957-09-01,,,5.4,,,5.32,,
1957-10-01,,,6.81,,,5.32,,
1957-11-01,,,6.77,,,5.15,,
1957-12-01,,,6.67,,,5.06,,
1958-01-01,,,6.51,,,4.89,,
1958-02-01,,,6.17,,,3.78,,
1958-03-01,,,5.96,,,3.7,,
1958-04-01,,,5.47,,,3.02,,
1958-05-01,,,5.24,,,2.94,,
1958-06-01,,,4.64,,,2.77,,
1958-07-01,,,4.31,,,2.52,,
1958-08-01,,,3.98,,,2.52,,
1958-09-01,,,3.82,,,2.77,,
1958-10-01,,,3.79,,,2.94,,
1958-11-01,,,3.67,,,2.77,,
1958-12-01,,,3.34,,,3.28,,
1959-01-01,,,3.28,,,3.28,,
1959-02-01,,,3.23,,,3.87,,
1959-03-01,,,3.41,,,4.55,,
1959-04-01,,,3.4,,,4.65,,
1959-05-01,,,3.44,,,5.23,,
1959-06-01,,,3.54,,,5.23,,
1959-07-01,,,3.57,,,5.4,,
1959-08-01,,,3.6,,,6.48,,
1959-09-01,,,3.59,,,6.43,,
1959-10-01,,,3.58,,,6.0,,
1959-11-01,,,3.55,,,5.58,,
1959-12-01,,,3.72,,,5.49,,
1960-01-01,,,4.14,,,5.4,,
1960-02-01,,,4.69,,,5.23,,
1960-03-01,,,4.74,,,4.12,,
1960-04-01,,,4.8,,,4.29,,
1960-05-01,,,4.76,,,3.78,,
1960-06-01,,,5.03,,,3.87,,
1960-07-01,,,5.76,,,3.78,,
1960-08-01,,,5.75,,,3.02,,
1960-09-01,,,5.71,,,2.52,,
1960-10-01,,,5.62,,,3.45,,
1960-11-01,,,4.98,,,4.21,,
1960-12-01,,,4.63,,,4.29,,
1961-01-01,,,4.44,,,3.78,,
1961-02-01,,,4.48,,,3.53,,
1961-03-01,,,4.61,,,3.78,,
1961-04-01,,,4.63,,,3.53,,
1961-05-01,,,4.55,,,3.78,,
1961-06-01,,,4.64,,,3.28,,
1961-07-01,,,5.1,,,3.02,,
1961-08-01,,,6.91,,,3.28,,
1961-09-01,,,6.84,,,3.11,,
1961-10-01,,,6.32,,,3.02,,
1961-11-01,,,5.67,,,2.85,,
1961-12-01,,,5.61,,,3.45,,
1962-01-01,,,5.65,,,3.514,,
1962-02-01,,,5.65,,,3.3825,,
1962-03-01,,,5.13,,,3.31,,
1962-04-01,,,4.5,,,3.4175,,
1962-05-01,,,4.14,,,3.546,,
1962-06-01,,,3.99,,,4.1275,,
1962-07-01,,,4.09,,,5.6975,,
1962-08-01,,,4.02,,,5.698,,
1962-09-01,,,3.93,,,5.445,,
1962-10-01,,,3.92,,,4.964,,
1962-11-01,,,4.03,,,4.38,,
1962-12-01,,,3.86,,,4.3125,,
1963-01-01,,,3.69,,,4.248,,
1963-02-01,,,3.63,,,4.1625,,
1963-03-01,,,3.7,,,4.155,,
1963-04-01,,,3.88,,,3.8075,,
1963-05-01,,,3.88,,,3.582,,
1963-06-01,,,3.84,,,3.6275,,
1963-07-01,,,3.87,,,3.806,,
1963-08-01,,,3.85,,,4.1675,,
1963-09-01,,,3.88,,,4.13,,
1963-10-01,,,3.86,,,4.0,,
1963-11-01,,,3.91,,,4.115,,
1963-12-01,,,3.91,,,4.3275,,
1964-01-01,,,3.91,,,4.202,,
1964-02-01,,,4.0,,,4.06,,
1964-03-01,,,4.53,,,4.17,,
1964-04-01,,,4.53,,,4.118,,
1964-05-01,,,4.56,,,4.05,,
1964-06-01,3.86,,4.65,,,4.02,,
1964-07-01,3.87,,4.73,,,4.032,,
1964-08-01,3.85,,4.84,,,4.2225,,
1964-09-01,3.87,,4.84,,,4.308,,
1964-10-01,3.94,,4.88,,,4.38,,
1964-11-01,3.99,,5.42,,,4.36,,
1964-12-01,4.14,,6.84,,,4.59,,
1965-01-01,4.13,,6.84,,,4.3625,,
1965-02-01,4.19,,6.75,,,4.37,,
1965-03-01,4.27,,6.74,,,4.444,,
1965-04-01,4.28,,6.78,,,4.48,,
1965-05-01,4.32,,6.73,,,4.685,,
1965-06-01,4.31,,6.04,,,4.816,,
1965-07-01,4.29,,5.97,,,4.9,,
1965-08-01,4.3,,5.97,,,5.17,,
1965-09-01,4.34,,5.97,,,5.226,,
1965-10-01,4.46,,5.92,,,5.34,,
1965-11-01,4.49,,5.91,,,5.65,,
1965-12-01,4.75,,5.91,,,5.96,,
1966-01-01,4.95,,5.91,,,6.0475,,
1966-02-01,5.05,,5.95,,,6.02,,
1966-03-01,5.19,,5.97,,,6.05,,
1966-04-01,5.26,,5.97,,,6.055,,
1966-05-01,5.38,,5.97,,,6.1375,,
1966-06-01,5.5,,5.97,,,6.244,,
1966-07-01,5.62,,6.56,,,6.3175,,
1966-08-01,5.72,,6.97,,,6.344,,
1966-09-01,5.86,,7.01,,,6.405,,
1966-10-01,5.83,,6.97,,,6.3825,,
1966-11-01,5.79,,6.93,,,6.47,,
1966-12-01,5.65,,6.94,,,6.6025,,
1967-01-01,5.4,,6.77,,,6.44,,
1967-02-01,5.18,,6.4,,,6.0375,,
1967-03-01,5.01,,6.18,,,5.566,,
1967-04-01,4.43,,5.69,,,5.01,,
1967-05-01,4.49,,5.51,,,5.046,,
1967-06-01,4.66,,5.44,,,5.4225,,
1967-07-01,5.0,,5.47,,,5.5875,,
1967-08-01,4.93,,5.53,,,5.63,,
1967-09-01,4.91,,5.54,,,5.825,,
1967-10-01,5.22,,5.79,,,6.5025,,
1967-11-01,5.4,,6.88,,,6.524,,
1967-12-01,5.62,,7.78,,,6.575,,
1968-01-01,5.48,,7.78,,,6.578,5.1,
1968-02-01,5.33,,7.75,,,6.8,5.15,
1968-03-01,5.58,,7.65,,,7.1375,5.15,
1968-04-01,5.78,,7.41,,,7.2575,5.15,
1968-05-01,6.14,,7.42,,,7.35,5.3,
1968-06-01,6.12,,7.53,,,7.3275,5.5,
1968-07-01,6.03,,7.58,,,7.118,5.1,
1968-08-01,5.85,,7.44,,,6.7225,5.1,
1968-09-01,5.78,,7.3,,,6.215,5.05,
1968-10-01,5.9,,6.97,,,6.318,5.0,
1968-11-01,6.05,,7.02,,,6.4475,4.9,
1968-12-01,6.27,,7.25,,,6.55,4.9,
1969-01-01,6.5,,7.28,,,6.858,5.1,
1969-02-01,6.52,,7.33,,,6.885,5.1,
1969-03-01,6.65,,8.35,,,6.9525,5.15,
1969-04-01,6.84,,8.41,,,7.064,5.4,
1969-05-01,7.28,,8.45,,,7.1325,5.5,
1969-06-01,8.01,,8.68,,,7.5975,5.9,
1969-07-01,8.69,,8.87,,,8.082,5.8,
1969-08-01,8.38,,8.87,,,8.355,6.1,
1969-09-01,8.47,,8.87,,,8.43,5.8,
1969-10-01,8.56,,8.87,,,8.55,5.6,
1969-11-01,8.46,,8.87,,,8.6025,0.0,
1969-12-01,8.77,,8.87,,,9.03,5.65,
1970-01-01,8.91,,8.87,,,9.065,5.8,
1970-02-01,8.58,,8.87,,,8.575,6.3,
1970-03-01,8.08,,8.61,,,8.2375,7.15,
1970-04-01,7.51,,8.29,,,7.738,8.6,
1970-05-01,8.08,,8.06,,,7.855,9.1,
1970-06-01,8.07,,8.06,,,7.3275,8.7,
1970-07-01,8.01,,8.06,,,7.624,7.4,
1970-08-01,7.72,,8.06,,,7.6275,6.8,
1970-09-01,7.3,,8.06,,,6.86,6.35,
1970-10-01,6.76,,8.06,,,6.835,6.4,
1970-11-01,6.08,,8.06,,,6.12,6.2,
1970-12-01,5.67,,8.06,,,5.582,6.5,
1971-01-01,5.09,,8.06,,,5.775,6.6,
1971-02-01,4.38,,8.06,,,5.4725,7.6,
1971-03-01,3.85,,8.06,,,4.092,8.0,
1971-04-01,4.45,,7.06,,,3.745,7.8,
1971-05-01,4.98,,7.05,,,3.9025,7.8,
1971-06-01,5.4,,6.74,,,3.91,8.15,
1971-07-01,5.75,,6.43,,,4.4375,6.8,
1971-08-01,5.74,,6.02,,,4.545,6.7,
1971-09-01,5.63,,5.3,,,4.796,6.45,
1971-10-01,5.27,,4.91,,,5.155,6.3,
1971-11-01,4.87,,4.77,,,4.605,6.0,
1971-12-01,4.65,,4.51,,,4.396,5.9,
1972-01-01,3.95,,4.43,,,4.0625,5.6,
1972-02-01,3.61,,4.85,,,4.4975,5.5,
1972-03-01,4.08,,4.79,,,5.256,5.5,
1972-04-01,4.6,,4.62,,,5.7525,5.5,
1972-05-01,4.41,,4.62,,,6.018,5.6,
1972-06-01,4.64,,5.72,,,5.515,5.75,
1972-07-01,4.82,,6.8,,,4.98,4.6,
1972-08-01,4.85,,7.08,,,4.836,4.6,
1972-09-01,5.13,,7.13,,,5.025,4.5,
1972-10-01,5.25,,7.34,,,5.025,4.3,
1972-11-01,5.22,,7.84,,,5.124,5.1,
1972-12-01,5.43,,8.09,,,5.085,4.45,
1973-01-01,5.81,,8.75,,,5.116,4.7,
1973-02-01,6.34,,9.35,,,4.9375,4.8,
1973-03-01,7.05,,9.77,,,5.1025,5.45,
1973-04-01,7.31,,8.72,,,5.5825,5.8,
1973-05-01,7.55,,8.46,,,6.35,6.4,
1973-06-01,8.16,,8.07,,,7.085,6.4,
1973-07-01,9.7,,8.74,,,7.705,6.5,
1973-08-01,10.77,,12.55,,,8.31,6.4,
1973-09-01,10.59,,12.59,,,8.8025,9.25,
1973-10-01,9.2,,11.98,,,9.35,9.65,
1973-11-01,9.24,,12.4,,,9.35,9.2,
1973-12-01,9.27,,13.76,,,9.925,9.25,7.88
1974-01-01,9.0,,13.72,,,9.468,9.25,8.38
1974-02-01,8.08,,13.63,,,8.745,9.5,8.75
1974-03-01,8.84,,14.4,,,8.9075,10.1,9.0
1974-04-01,10.25,,13.93,,,10.4175,16.25,9.0
1974-05-01,11.2,,13.34,,,11.782,21.75,9.13
1974-06-01,11.38,,12.6,,,11.375,18.8,9.41
1974-07-01,12.25,,13.22,,,11.648,15.0,10.0
1974-08-01,12.23,,12.81,,,11.805,14.2,11.25
1974-09-01,11.6,,12.09,,,11.54,12.6,12.38
1974-10-01,9.78,,11.95,,,10.752,10.4,13.75
1974-11-01,9.09,,12.09,,,9.795,10.3,12.75
1974-12-01,9.23,,12.93,,,10.4175,9.75,11.0
1975-01-01,7.48,,11.95,,,8.476,8.95,9.75
1975-02-01,6.41,,11.42,,,6.895,9.0,9.88
1975-03-01,6.18,,10.38,,,6.77,8.75,11.0
1975-04-01,6.26,,9.54,,,7.094,9.8,9.25
1975-05-01,5.79,,10.1,,,7.51,8.9,8.25
1975-06-01,5.82,,9.68,,,7.2825,8.8,8.0
1975-07-01,6.55,,9.93,,,7.484,8.15,7.0
1975-08-01,6.87,,10.53,,,8.355,8.15,7.13
1975-09-01,7.03,,10.45,,,8.94,8.1,7.63
1975-10-01,6.56,,11.41,,,8.888,7.95,7.25
1975-11-01,6.26,,11.18,,,9.1725,8.05,7.13
1975-12-01,6.03,,10.88,,,9.418,7.7,7.18
1976-01-01,5.14,,10.04,,,9.04,7.65,6.25
1976-02-01,5.18,,8.98,,,8.9075,8.35,7.38
1976-03-01,5.34,,8.56,,,9.806,8.4,8.25
1976-04-01,5.12,,9.04,,,9.73,9.61,8.13
1976-05-01,5.56,,10.28,,,9.435,10.24,7.75
1976-06-01,5.84,,11.09,,,9.39,10.27,7.25
1976-07-01,5.52,,10.99,,,9.34,9.67,8.4
1976-08-01,5.39,,10.96,,,9.34,9.36,8.45
1976-09-01,5.33,,11.98,,,9.47,9.31,9.75
1976-10-01,5.12,,14.25,,,9.27,9.06,9.63
1976-11-01,5.01,,14.3,,,9.04,9.52,9.25
1976-12-01,4.67,,13.9,,,8.55,9.44,10.38
1977-01-01,4.83,,13.0,,,8.1275,8.93,12.0
1977-02-01,4.83,,11.33,,,7.835,9.31,13.13
1977-03-01,4.84,,9.99,,,7.77,9.73,15.0
1977-04-01,4.8,,8.35,,,7.64,10.86,14.5
1977-05-01,5.36,,7.55,,,7.38,10.94,14.63
1977-06-01,5.42,,7.73,,,7.042,10.95,13.5
1977-07-01,5.46,,7.61,,,7.185,10.72,14.3
1977-08-01,5.9,,6.87,,,7.51,10.9,15.63
1977-09-01,6.19,,5.92,,,7.315,10.43,14.25
1977-10-01,6.67,,4.83,,,7.38,10.02,13.75
1977-11-01,6.68,,5.13,,,7.458,10.01,12.13
1977-12-01,6.71,,6.58,,,7.2725,9.75,11.5
1978-01-01,6.94,,6.01,,,7.1675,9.49,11.5
1978-02-01,6.9,,6.43,,,7.2675,9.55,12.13
1978-03-01,6.86,,6.46,,,7.57,10.04,12.13
1978-04-01,7.03,,7.34,,,8.3575,10.86,11.5
1978-05-01,7.4,,8.86,,,8.172,10.6,11.0
1978-06-01,7.83,,9.63,,,8.3575,10.63,10.25
1978-07-01,8.12,,9.84,,,8.4475,9.84,10.0
1978-08-01,8.06,,9.36,,,8.942,9.7,10.2
1978-09-01,8.64,,9.26,,,9.27,9.72,10.25
1978-10-01,9.44,,10.29,,,9.78,9.74,10.5
1978-11-01,10.72,,11.85,,,10.626,9.19,10.62
1978-12-01,10.72,,12.07,,,10.6075,8.76,11.63
1979-01-01,10.51,,12.37,,,10.97,8.51,12.38
1979-02-01,10.19,,12.89,,,11.005,8.6,12.87
1979-03-01,10.13,,11.68,,,11.11,9.16,13.12
1979-04-01,10.06,,11.52,,,11.24,10.42,14.25
1979-05-01,10.16,,11.56,,,11.286,10.54,14.5
1979-06-01,9.95,,12.93,,,11.19,10.26,14.5
1979-07-01,10.11,,13.71,,,11.2625,9.86,14.93
1979-08-01,10.71,,13.8,,,11.79,9.78,14.93
1979-09-01,11.89,,14.07,,,12.0,9.87,15.45
1979-10-01,13.66,,14.05,,,13.47,10.04,16.07
1979-11-01,13.9,,16.04,,,14.1625,10.12,16.2
1979-12-01,13.43,,16.63,,,14.05,10.12,16.32
1980-01-01,13.39,,16.7,,,13.91,10.03,15.82
1980-02-01,14.3,,17.4,,,14.0375,10.06,15.82
1980-03-01,17.57,,17.57,,,14.725,11.47,15.55
1980-04-01,16.14,,17.08,,,16.13,13.28,14.92
1980-05-01,9.79,,16.58,,,12.975,13.83,14.25
1980-06-01,8.49,,16.29,,,11.6375,13.83,13.25
1980-07-01,8.65,,15.18,,,11.03,12.87,13.27
1980-08-01,9.91,,15.72,,,10.5625,12.33,13.37
1980-09-01,11.29,,15.24,,,10.7625,11.69,13.85
1980-10-01,12.94,,15.28,,,11.67,11.22,13.95
1980-11-01,15.68,,15.13,,,13.0875,11.27,14.05
1980-12-01,18.65,,14.03,,,17.02,12.45,14.3
1981-01-01,17.19,,13.46,,,17.0125,12.61,14.22
1981-02-01,16.14,,12.31,,,17.475,13.36,14.8
1981-03-01,14.43,,11.7,,,16.9625,14.63,15.15
1981-04-01,15.08,,11.54,,,17.22,16.69,15.02
1981-05-01,18.27,,11.56,,,18.975,16.28,14.3
1981-06-01,16.9,,12.13,,,19.25,15.58,14.15
1981-07-01,17.76,,13.27,,,19.66,15.39,15.25
1981-08-01,17.96,,13.55,,,22.0125,15.72,15.8
1981-09-01,16.84,,14.16,,,20.54,15.35,15.9
1981-10-01,15.39,,15.53,,,18.7875,14.69,16.4
1981-11-01,12.48,,14.25,,,16.6125,14.62,16.25
1981-12-01,12.49,,14.56,,,16.0,15.54,15.85
1982-01-01,13.51,,14.39,,,15.025,16.21,16.62
1982-02-01,15.0,,13.68,,,15.325,17.12,17.0
1982-03-01,14.21,,12.68,,,15.74,18.89,17.87
1982-04-01,14.44,,12.99,,,15.7375,21.39,18.0
1982-05-01,13.8,,12.69,,,15.5375,18.45,16.63
1982-06-01,14.46,,12.36,,,16.88,18.57,16.63
1982-07-01,13.44,,11.72,,,16.2625,17.29,16.63
1982-08-01,10.61,,10.56,,,14.7625,17.17,16.63
1982-09-01,10.66,,10.12,,,13.61,15.46,17.1
1982-10-01,9.51,,9.33,,,12.0125,14.57,17.42
1982-11-01,8.95,,8.94,,,11.05,14.76,17.13
1982-12-01,8.66,,10.12,,,10.56,12.13,16.43
1983-01-01,8.36,,10.68,,,9.8875,10.65,15.35
1983-02-01,8.54,,10.89,,,9.75,13.77,14.5
1983-03-01,8.69,,10.53,,,9.37,15.26,14.05
1983-04-01,8.63,,9.89,,,9.3625,13.92,14.45
1983-05-01,8.49,,9.84,,,9.225,12.15,15.5
1983-06-01,9.2,,9.54,,,9.35,14.24,14.5
1983-07-01,9.5,,9.46,,,9.35,12.8,12.75
1983-08-01,9.77,,9.44,,,9.44,12.16,11.27
1983-09-01,9.39,,9.24,,,9.325,11.06,10.12
1983-10-01,9.18,,8.91,,,9.3,10.94,11.12
1983-11-01,9.36,,8.89,,,9.38,10.55,11.55
1983-12-01,9.69,,8.9,,,9.85,8.89,11.87
1984-01-01,9.42,,8.92,,,9.8375,9.76,13.5
1984-02-01,9.54,,8.88,,,9.83,12.04,13.88
1984-03-01,10.08,,8.45,,,10.35,13.77,13.25
1984-04-01,10.41,,8.41,,,10.7,13.88,14.1
1984-05-01,11.11,,9.03,,,11.43,13.78,14.25
1984-06-01,11.34,,9.02,,,11.775,12.81,16.0
1984-07-01,11.56,,11.03,,,12.9125,12.3,15.38
1984-08-01,11.47,,10.48,,,12.38,11.56,15.25
1984-09-01,11.29,,10.13,,,12.175,10.53,16.02
1984-10-01,10.38,,10.06,,,11.95,11.17,17.6
1984-11-01,9.18,,9.34,,,10.9875,11.26,15.79
1984-12-01,8.6,,9.15,,,10.3375,12.34,15.25
1985-01-01,8.14,,11.06,,,9.67,13.35,17.31
1985-02-01,8.69,,13.23,,,10.575,13.81,20.27
1985-03-01,9.02,,13.1,,,11.3,15.29,26.47
1985-04-01,8.49,,12.15,,,10.1625,15.79,22.07
1985-05-01,7.92,,12.0,,,9.75,15.53,24.25
1985-06-01,7.44,,11.94,,,9.4875,15.75,23.73
1985-07-01,7.64,,11.51,,,9.26,15.14,24.02
1985-08-01,7.81,,11.04,,,9.1125,16.25,26.13
1985-09-01,7.93,,11.11,,,9.0625,16.78,27.2
1985-10-01,7.88,,11.12,,,8.71,16.36,26.57
1985-11-01,7.81,,11.14,,,8.825,18.18,22.03
1985-12-01,7.8,,11.2,,,9.2375,19.56,19.61
1986-01-01,7.82,,12.863,,,10.16,18.97,22.26
1986-02-01,7.69,,12.71875,,,11.725,18.29,23.52
1986-03-01,7.24,,11.77679,,,11.025,16.44,22.39
1986-04-01,6.6,,10.5767,,,9.55,15.76,21.54
1986-05-01,6.65,,10.26705,,,8.575,14.73,17.77
1986-06-01,6.73,,9.82292,,,8.7,14.68,15.31
1986-07-01,6.37,,10.03805,,,8.47,14.85,16.45
1986-08-01,5.92,,9.89435,,,8.5125,17.37,16.49
1986-09-01,5.71,,10.18892,,,8.35,18.08,16.03
1986-10-01,5.69,,11.1644,,,8.44,16.82,16.28
1986-11-01,5.76,,11.24609,,,8.3875,15.9,18.19
1986-12-01,6.04,,11.40421,,,8.36,15.53,22.67
1987-01-01,5.87,,11.10085,,,7.925,15.86,23.51
1987-02-01,6.1,,10.89219,,,7.4375,16.7,25.23
1987-03-01,6.17,,10.0142,,,7.175,16.41,26.06
1987-04-01,6.52,,9.83097,,,7.62,15.08,26.35
1987-05-01,6.99,,8.86792,,,8.25,14.14,22.51
1987-06-01,6.94,,8.93608,,,8.4625,13.68,19.22
1987-07-01,6.7,,9.24796,,,8.64,12.99,18.46
1987-08-01,6.75,,10.0997,,,9.1375,12.54,18.1
1987-09-01,7.37,,10.19602,,,9.36,11.7,19.09
1987-10-01,8.02,,10.0277,,,9.1625,11.99,19.77
1987-11-01,7.24,,8.99851,,,8.775,12.45,18.21
1987-12-01,7.66,,7.97283,,,8.97,11.46,16.81
1988-01-01,6.92,,8.88691,,,8.7125,11.05,16.97
1988-02-01,6.6,,9.28795,,,8.55,10.95,16.76
1988-03-01,6.63,,8.91304,,,8.59,10.95,15.99
1988-04-01,6.92,,8.37426,,,8.8625,11.39,15.9
1988-05-01,7.24,,8.06676,,,9.0375,12.28,16.21
1988-06-01,7.51,,8.97514,,,9.37,13.1,15.86
1988-07-01,7.94,,10.57366,,,9.4125,13.08,14.99
1988-08-01,8.35,,11.44429,,,9.91,13.32,14.5
1988-09-01,8.23,,12.19034,,,10.475,13.64,14.42
1988-10-01,8.36,,12.0439,,,10.4375,14.0,14.26
1988-11-01,8.78,,12.31818,,,10.85,14.73,14.34
1988-12-01,9.25,,13.15767,,,11.1125,15.11,14.51
1989-01-01,9.2,,13.16122,,,11.2875,15.56,13.8
1989-02-01,9.51,,13.06406,,,11.5625,16.54,13.4
1989-03-01,10.09,,13.0625,,,12.21,17.25,13.32
1989-04-01,9.94,,13.18359,,,12.475,17.46,13.34
1989-05-01,9.59,,13.22215,,,12.402,17.52,13.49
1989-06-01,9.2,,14.18253,,,12.3125,18.37,13.52
1989-07-01,8.76,,13.96317,,,12.225,18.06,13.4
1989-08-01,8.64,,13.89572,,,12.292,17.96,12.98
1989-09-01,8.78,,14.07217,,,12.3275,18.12,13.42
1989-10-01,8.6,,15.06818,,,12.33,18.36,13.85
1989-11-01,8.39,,15.15412,,,12.352,18.25,13.88
1989-12-01,8.32,,15.15179,,,12.345,17.89,14.07
1990-01-01,8.16,,15.19837,,,12.244,17.33,13.9
1990-02-01,8.22,,15.14922,,,12.8425,16.2,13.83
1990-03-01,8.35,,15.31676,,,13.3575,15.84,13.69
1990-04-01,8.42,,15.25744,,,13.515,15.14,13.59
1990-05-01,8.35,,15.19429,,,13.76,15.05,13.48
1990-06-01,8.23,,15.01302,,,13.8175,15.02,13.82
1990-07-01,8.1,,14.9858,,,13.675,14.83,13.74
1990-08-01,7.97,,15.01664,,,13.256,13.92,14.49
1990-09-01,8.06,,14.95117,,,12.755,13.52,14.63
1990-10-01,8.06,,14.06216,,,12.578,13.07,14.53
1990-11-01,8.03,,13.68111,,,12.405,12.41,13.98
1990-12-01,7.82,,13.8817,,,12.05,12.19,13.03
1991-01-01,7.17,,14.01087,,,11.366,11.93,12.37
1991-02-01,6.52,,13.29532,,,10.52,11.62,11.95
1991-03-01,6.45,,12.4628,,,9.9575,11.49,11.95
1991-04-01,6.06,,12.01492,,,9.7075,11.36,11.35
1991-05-01,5.91,,11.56522,,,9.198,10.72,10.08
1991-06-01,6.07,,11.29844,,,8.8325,10.39,9.85
1991-07-01,5.98,,11.12976,,,8.76,10.34,9.65
1991-08-01,5.65,,10.93324,,,8.7225,10.13,9.44
1991-09-01,5.47,,10.33408,,,8.59,9.58,8.9
1991-10-01,5.33,,10.45823,,,8.366,8.97,8.04
1991-11-01,4.94,,10.52977,,,7.8475,8.34,8.18
1991-12-01,4.47,,10.84837,,,7.455,7.84,7.83
1992-01-01,4.05,,10.71773,,,7.31,7.45,7.43
1992-02-01,4.07,,10.42031,,,7.2525,7.52,7.48
1992-03-01,4.25,,10.67045,,,7.54,7.51,7.34
1992-04-01,4.0,,10.65483,,,7.118,7.18,7.07
1992-05-01,3.82,,10.109,,,6.6175,6.56,6.83
1992-06-01,3.86,,10.05078,,,6.0325,6.42,6.77
1992-07-01,3.37,,10.20245,,,5.574,5.64,6.18
1992-08-01,3.31,,10.4122,,,5.1725,5.73,6.14
1992-09-01,3.13,,10.03729,,,5.038,5.94,6.26
1992-10-01,3.26,,8.39347,,,7.6375,5.86,6.23
1992-11-01,3.58,,7.26711,,,6.9325,5.88,6.16
1992-12-01,3.48,,7.23132,,,7.9,5.9,6.87
1993-01-01,3.19,,6.98363,,,6.9925,5.88,7.87
1993-02-01,3.12,,6.23086,,,6.395,5.82,7.53
1993-03-01,3.11,,6.03193,,,5.61,5.38,7.24
1993-04-01,3.09,,6.02379,,,5.275,5.27,7.15
1993-05-01,3.1,,6.04427,,,5.325,5.15,6.58
1993-06-01,3.21,,5.9517,,,4.88,5.22,6.42
1993-07-01,3.16,,6.00355,,,4.4725,5.05,5.7
1993-08-01,3.14,,5.91406,,,4.3075,4.78,5.62
1993-09-01,3.12,,5.95987,,,4.786,4.86,5.3
1993-10-01,3.24,,5.81362,,,4.7375,4.81,5.45
1993-11-01,3.35,,5.6076,,,4.3625,4.78,5.85
1993-12-01,3.26,,5.38281,,,4.092,4.82,5.25
1994-01-01,3.15,6.91,5.44345,,,3.8725,4.81,4.66
1994-02-01,3.43,6.86,5.26328,,,3.805,4.8,4.64
1994-03-01,3.77,6.75,5.22758,,,4.206,4.88,5.43
1994-04-01,4.01,6.57,5.28981,,,5.8875,4.92,6.39
1994-05-01,4.51,6.24,5.22727,,,6.285,4.85,5.99
1994-06-01,4.52,6.3,5.18786,,,6.394,5.12,6.07
1994-07-01,4.73,6.34,5.26637,,,6.3625,5.41,7.08
1994-08-01,4.81,6.43,5.57745,,,5.68,5.6,7.06
1994-09-01,5.03,6.38,5.76811,,,5.6425,5.93,7.49
1994-10-01,5.51,6.43,5.9747,,,5.44,6.45,8.01
1994-11-01,5.79,6.4,6.12536,,,5.68,7.16,8.47
1994-12-01,6.29,6.69,6.42685,,,6.5975,7.95,9.53
1995-01-01,6.24,6.66,6.63778,,,7.838,8.37,9.29
1995-02-01,6.16,6.59,6.80391,,,8.118,8.08,9.37
1995-03-01,6.15,7.58,6.72554,,,8.314782609,8.13,9.42
1995-04-01,6.11,7.29,6.73633,,,8.148421053,7.89,9.23
1995-05-01,6.02,7.04,6.77616,,,7.561363636,7.7,9.1
1995-06-01,5.9,7.08,6.71484,,,7.047727273,7.55,9.04
1995-07-01,5.77,6.92,6.87686,,,6.666,7.56,8.84
1995-08-01,5.77,6.66,6.87568,,,6.586818182,7.58,9.03
1995-09-01,5.73,6.5,6.79539,,,6.6875,7.49,9.22
1995-10-01,5.79,6.75,6.81783,,,6.697619048,7.47,8.69
1995-11-01,5.74,6.45,6.72088,,,6.008095238,7.46,8.31
1995-12-01,5.62,6.32,6.54985,,,5.895263158,7.43,8.56
1996-01-01,5.39,5.81,6.44718,,,5.546818182,7.46,8.61
1996-02-01,5.15,5.58,6.24554,,,5.222857143,7.47,8.51
1996-03-01,5.29,5.5,6.13988,,,5.214761905,7.53,8.86
1996-04-01,5.36,5.27,6.08452,,,5.008571429,7.57,9.22
1996-05-01,5.36,5.06,6.11651,,,4.809090909,7.55,9.82
1996-06-01,5.46,5.08,5.93477,,,4.849,7.57,10.04
1996-07-01,5.53,5.06,5.82167,,,4.732727273,7.56,10.12
1996-08-01,5.4,5.08,5.83647,,,4.267619048,6.92,9.87
1996-09-01,5.51,4.86,5.86365,,,4.0785,6.91,9.9
1996-10-01,5.41,4.69,6.01953,,,3.516818182,6.7,9.61
1996-11-01,5.38,4.57,6.38579,,,3.0195,6.45,8.97
1996-12-01,5.44,4.5,6.43164,,,3.1225,6.13,8.08
1997-01-01,5.43,4.39,6.41491,,,3.152727273,5.82,7.55
1997-02-01,5.37,4.43,6.28848,,,3.116,5.91,7.46
1997-03-01,5.53,4.5,6.30413,,,3.2175,6.05,7.58
1997-04-01,5.71,4.39,6.45437,,,3.460454545,6.04,7.49
1997-05-01,5.7,4.3,6.53214,,,3.321904762,5.87,7.02
1997-06-01,5.66,4.29,6.66462,,,3.265238095,5.35,6.96
1997-07-01,5.6,4.3,7.04144,,,3.531818182,5.19,7.79
1997-08-01,5.6,4.36,7.24349,,,3.638,4.9,8.34
1997-09-01,5.6,4.31,7.29687,,,3.626666667,4.77,8.06
1997-10-01,5.65,4.44,7.35615,,,3.799545455,4.83,7.76
1997-11-01,5.74,4.49,7.62617,,,3.994736842,4.95,7.6
1997-12-01,5.8,4.37,7.7179,,,4.567142857,5.07,8.3
1998-01-01,5.54,4.26,7.5854,,,4.651904762,4.99,8.89
1998-02-01,5.54,4.24,7.54395,,,4.9775,4.97,8.95
1998-03-01,5.58,4.11,7.56676,,,4.874090909,4.96,9.0
1998-04-01,5.58,4.09,7.53533,,,4.898095238,4.92,9.26
1998-05-01,5.59,4.06,7.4881,,,5.02,4.96,8.88
1998-06-01,5.6,4.02,7.71396,,,5.016818182,5.32,9.15
1998-07-01,5.59,3.95,7.80622,,,5.051363636,5.17,7.75
1998-08-01,5.58,3.93,7.72824,,,5.3055,5.19,6.79
1998-09-01,5.41,3.93,7.46768,,,5.60047619,5.03,5.79
1998-10-01,5.21,3.81,7.22061,,,5.275238095,4.83,4.85
1998-11-01,5.24,3.69,6.97448,,,5.147,4.88,4.5
1998-12-01,5.14,3.37,6.46034,,,5.002857143,4.8,4.38
1999-01-01,4.89,3.1321,5.92171,,,5.0045,4.79,4.47
1999-02-01,4.9,3.0934,5.53197,,,5.0335,4.77,4.3
1999-03-01,4.91,3.04669565217391,5.42287,,,5.057391304,4.81,4.59
1999-04-01,4.88,2.69645454545455,5.31773,,,4.716666667,4.76,4.64
1999-05-01,4.92,2.57895238095238,5.34875,,,4.6155,4.86,4.67
1999-06-01,5.13,2.62668181818182,5.22114,,,4.815454545,4.93,4.74
1999-07-01,5.24,2.67645454545455,5.16688,,0.955,4.792857143,4.89,4.72
1999-08-01,5.41,2.69504545454545,5.25409,,0.92453125,4.924761905,4.92,4.77
1999-09-01,5.5,2.72668181818182,5.4107,,0.900516,4.83047619,5.01,4.94
1999-10-01,6.13,3.37566666666667,6.02564,,1.8848,5.014,5.31,5.1
1999-11-01,6.0,3.46768181818182,5.8725,,1.6871356,5.040952381,5.44,5.35
1999-12-01,6.05,3.44604545454545,6.05531,,1.74320418181818,5.135238095,5.65,5.67
2000-01-01,5.95,3.34314285714286,6.13632,,1.72924735,5.025,5.66,5.68
2000-02-01,6.01,3.53676190476191,6.23781,,2.23797919047619,5.0325,5.8,5.93
2000-03-01,6.14,3.747043478260871,6.22838,,2.43072330434783,5.108,5.89,6.26
2000-04-01,6.28,3.92527777777778,6.29647,,2.8121195,5.35,6.04,6.49
2000-05-01,6.71,4.36204545454546,6.30356,,3.01037731818182,5.664,6.31,6.77
2000-06-01,6.73,4.501727272727271,6.22682,,3.20290635,5.5525,6.23,6.88
2000-07-01,6.67,4.58290476190476,6.19247,,3.2905062857142906,5.6,6.2,6.83
2000-08-01,6.61,4.77708695652174,6.21754,,3.30846527272727,5.618,6.49,6.74
2000-09-01,6.6,4.85280952380952,6.20569,,3.3217070952381,5.5725,6.57,6.66
2000-10-01,6.67,5.0412727272727285,6.16274,,3.34387236363636,5.5975,6.41,6.65
2000-11-01,6.65,5.09195454545454,6.08629,,3.3474689545454495,5.668,6.33,6.64
2000-12-01,6.45,4.93915789473684,5.95539,,3.25550668421053,5.52,6.2,6.71
2001-01-01,5.62,4.77072727272727,5.84578,,3.2539672857142894,5.236,5.91,6.53
2001-02-01,5.26,4.7558,5.75655,,3.34404575,5.0475,5.59,6.48
2001-03-01,4.89,4.70863636363636,5.55126,,3.26320313636364,4.595,5.14,6.25
2001-04-01,4.53,4.682,5.40449,,3.12508536842105,4.5025,4.86,5.97
2001-05-01,4.02,4.63668181818182,5.24858,,3.0529099047619,4.34,4.89,5.79
2001-06-01,3.74,4.45357142857143,5.25854,,3.10380645,4.26,4.97,5.82
2001-07-01,3.66,4.46713636363636,5.25436,,3.12780690909091,4.18,5.04,5.79
2001-08-01,3.48,4.35352173913043,4.99658,,3.07501459090909,3.936,4.95,5.83
2001-09-01,2.87,3.98285,4.72946,,2.66832555,3.3325,4.55,5.57
2001-10-01,2.31,3.59986956521739,4.42821,,2.0691543478260894,2.728,4.36,5.15
2001-11-01,2.03,3.38568181818182,3.99675,,1.93803509090909,2.1525,4.28,4.87
2001-12-01,1.83,3.34488888888889,4.0506,,1.74428288888889,2.0,4.25,4.86
2002-01-01,1.74,3.33877272727273,4.04677,,1.60372514285714,1.914,4.26,4.86
2002-02-01,1.82,3.3571,4.05268,,1.5666706,2.015,4.31,4.93
2002-03-01,1.91,3.3908,4.13055,,1.60416375,2.155,4.46,5.31
2002-04-01,1.87,3.40690476190476,4.17319,0.1,1.46064661904762,2.325,4.59,5.68
2002-05-01,1.82,3.46713636363636,4.1537,0.08,1.1634939,2.514,4.84,5.83
2002-06-01,1.81,3.464,4.17758,0.09,1.14959405,2.69,5.07,5.96
2002-07-01,1.79,3.41,4.06054,0.09,1.00306152173913,2.782,4.98,6.0
2002-08-01,1.73,3.35190909090909,3.98654,0.07,0.668342047619048,2.83,4.96,5.87
2002-09-01,1.76,3.31014285714286,3.98872,0.08,0.612999095238095,2.805,4.92,5.86
2002-10-01,1.73,3.26126086956522,3.96401,0.08,0.627853739130435,2.768,4.9,5.88
2002-11-01,1.39,3.12414285714286,3.97142,0.08,0.592497857142857,2.7,4.84,5.9
2002-12-01,1.34,2.94105,4.01777,0.1,0.54338995,2.6775,4.83,5.92
2003-01-01,1.29,2.83181818181818,3.98263,0.1,0.508735476190476,2.716,4.8,5.86
2003-02-01,1.27,2.68745,3.75425,0.09,0.48923735,2.8125,4.75,5.82
2003-03-01,1.23,2.52995238095238,3.65503,0.08,0.233193714285714,3.0375,4.76,5.81
2003-04-01,1.24,2.53335,3.64598,0.08,0.1737809,3.196,4.79,5.73
2003-05-01,1.22,2.4005238095238095,3.63252,0.08,0.1585085,3.1775,4.78,5.38
2003-06-01,1.04,2.15185714285714,3.63966,0.09,0.15839465,3.0975,4.67,5.23
2003-07-01,1.05,2.13004347826087,3.49022,0.09,0.16359952173913,2.912,4.72,5.11
2003-08-01,1.08,2.14042857142857,3.52249,0.09,0.1508667,2.7775,4.82,5.11
2003-09-01,1.08,2.14731818181818,3.6967,0.09,0.138722590909091,2.6325,4.91,5.15
2003-10-01,1.1,2.1435652173913,3.80338,0.09,0.129131043478261,2.618,4.97,5.19
2003-11-01,1.11,2.15905,3.98043,0.08,0.14283225,2.7,5.31,5.37
2003-12-01,1.1,2.14633333333333,4.01864,0.1,0.136828571428571,2.624,5.47,5.32
2004-01-01,1.06,2.08947619047619,4.05531,0.09,0.1284939,2.3725,5.55,5.35
2004-02-01,1.05,2.07055,4.16654,0.09,0.14803445,2.195,5.57,5.59
2004-03-01,1.05,2.02882608695652,4.29673,0.08,0.158294043478261,2.038,5.51,5.54
2004-04-01,1.08,2.04875,4.39472,0.08,0.18674945,1.9625,5.54,5.59
2004-05-01,1.2,2.08585714285714,4.52872,0.08,0.182353368421053,1.97,5.51,5.9
2004-06-01,1.46,2.11268181818182,4.78974,0.09,0.328464045454545,2.008,5.49,6.07
2004-07-01,1.57,2.11604545454546,4.85702,0.09,0.422401363636364,2.035,5.46,6.25
2004-08-01,1.68,2.11427272727273,4.96284,0.09,0.471912181818182,2.0625,5.44,6.44
2004-09-01,1.86,2.1185909090909094,4.9469,0.09,0.584377681818182,2.346,5.42,6.64
2004-10-01,2.04,2.14733333333333,4.90071,0.09,0.620791047619048,2.5325,5.41,6.75
2004-11-01,2.26,2.17031818181818,4.88359,0.09,0.648511,2.64,5.43,6.72
2004-12-01,2.45,2.17317391304348,4.87103,0.1,0.649346863636364,2.466,5.41,6.71
2005-01-01,2.61,2.14542857142857,4.87316,0.1,0.651069238095238,2.455,5.42,6.76
2005-02-01,2.77,2.13835,4.89069,0.1,0.6771861,2.445,5.63,6.83
2005-03-01,2.97,2.13719047619048,4.98736,0.08,0.666316238095238,2.498,5.81,6.99
2005-04-01,3.09,2.1372380952381,4.94336,0.08,0.67295219047619,2.47,5.75,7.05
2005-05-01,3.22,2.12563636363636,4.89375,0.08,0.67066215,2.46,5.68,7.05
2005-06-01,3.38,2.11104545454545,4.84144,0.09,0.672201227272727,2.448,5.66,7.03
2005-07-01,3.57,2.1194285714285694,4.65794,0.09,0.666276380952381,2.555,5.65,7.03
2005-08-01,3.77,2.13247826086957,4.59465,0.09,0.675881090909091,2.68,5.62,7.03
2005-09-01,3.87,2.13913636363636,4.59686,0.09,0.674919636363636,2.795,5.62,7.09
2005-10-01,4.13,2.19661904761905,4.58701,0.09,0.722154380952381,2.98,5.63,7.28
2005-11-01,4.31,2.36086363636364,4.61847,0.09,0.865552090909091,3.206,5.63,7.54
2005-12-01,4.45,2.47285714285714,4.63732,0.1,0.9330752,3.35,5.63,7.66
2006-01-01,4.56,2.51168181818182,4.60368,0.1036,0.924489476190476,3.42,5.63,7.64
2006-02-01,4.72,2.60035,4.58199,0.11,0.9967605,3.63,5.61,7.53
2006-03-01,4.88,2.72260869565217,4.58741,0.1255,1.11319943478261,3.76,5.61,7.49
2006-04-01,5.03,2.79377777777778,4.6296,0.14,1.17550216666667,3.96,5.69,7.47
2006-05-01,5.15,2.889,4.7015,0.27,1.30199257142857,4.126,5.87,7.49
2006-06-01,5.35,2.98568181818182,4.73498,0.35,1.37270757142857,4.24,5.96,7.47
2006-07-01,5.46,3.10219047619048,4.73322,0.44,1.42769528571429,4.2,6.05,7.48
2006-08-01,5.38,3.22647826086957,4.94425,0.432,1.52308863636364,4.132,6.19,7.49
2006-09-01,5.34,3.3353809523809494,5.02501,0.436,1.643369,4.15,6.21,7.56
2006-10-01,5.33,3.502,5.13176,0.447,1.74738009090909,4.1575,6.28,7.66
2006-11-01,5.32,3.59718181818182,5.22544,0.502,1.80596172727273,4.178,6.37,7.61
2006-12-01,5.32,3.6842105263157903,5.29167,0.54,1.90840782352941,4.16,6.39,7.66
2007-01-01,5.32,3.75186363636364,5.48623,0.54,2.05046923809524,4.156,6.43,7.7
2007-02-01,5.31,3.8182,5.5657,0.66,2.11132155,4.18,6.37,7.75
2007-03-01,5.3,3.8909090909090898,5.54946,0.66,2.15987477272727,4.1675,6.43,7.88
2007-04-01,5.31,3.97526315789474,5.64899,0.65,2.22386673684211,4.1625,6.48,7.98
2007-05-01,5.31,4.07136363636364,5.76742,0.67,2.31683825,4.19,6.37,8.09
2007-06-01,5.33,4.147761904761911,5.88018,0.73,2.44371828571429,4.36,6.42,8.32
2007-07-01,5.32,4.21618181818182,6.02396,0.77,2.6117274090909106,4.4975,6.47,8.44
2007-08-01,5.49,4.5436086956521695,6.41946,0.84,2.60672072727273,4.262,6.75,8.72
2007-09-01,5.46,4.7417,6.64694,0.85,2.49345425,3.9975,6.94,8.81
2007-10-01,5.08,4.68739130434783,6.27014,0.85,2.45670126086957,3.936,6.91,8.68
2007-11-01,4.97,4.63854545454545,6.40858,0.87,2.29504331818182,3.9625,7.15,8.73
2007-12-01,5.02,4.848368421052631,6.35943,0.86,2.34431588235294,3.8325,7.29,8.9
2008-01-01,3.84,4.48154545454545,5.65965,0.85,2.28750271428571,3.582,7.18,8.75
2008-02-01,3.06,4.36209523809524,5.64202,0.85,2.41745680952381,3.265,7.69,8.82
2008-03-01,2.79,4.59636842105263,5.89929,0.84,2.28812894736842,2.185,7.9,8.91
2008-04-01,2.85,4.7835,5.91881,0.84,2.18122622727273,2.404,7.84,8.87
2008-05-01,2.66,4.85738095238095,5.82639,0.84,2.0428156,2.65,7.75,8.71
2008-06-01,2.76,4.9405238095238095,5.92944,0.86,2.1437270952381,2.6125,7.81,8.68
2008-07-01,2.79,4.961,5.8322,0.85,2.20689582608696,2.368,7.75,8.46
2008-08-01,2.79,4.96519047619048,5.76619,0.85,2.1833859,2.47,7.31,8.2
2008-09-01,3.59,5.01918181818182,5.9106,0.87,2.124653,2.1175,7.27,7.95
2008-10-01,4.32,5.11308695652174,6.13304,0.89,1.41079118181818,1.556,6.03,7.43
2008-11-01,2.36,4.2383,4.44684,0.88,0.700317846153846,1.7825,4.76,6.25
2008-12-01,1.77,3.29261904761905,3.17247,0.74,0.1075305,1.05,4.39,5.23
2009-01-01,1.02,2.45652380952381,2.34276,0.72,0.0938757,0.8025,3.74,4.38
2009-02-01,1.16,1.94305,2.09038,0.71,0.110002944444444,0.7275,3.16,3.4
2009-03-01,1.07,1.63545454545455,1.83139,0.65,0.113013047619048,0.4075,3.16,3.24
2009-04-01,0.89,1.4223,1.53413,0.6,0.0902461818181818,0.324,3.1,3.12
2009-05-01,0.57,1.2817,1.35795,0.57,0.0912780588235294,0.18,3.13,2.82
2009-06-01,0.39,1.22790909090909,1.24117,0.56,0.0871305263157895,0.225,3.25,2.78
2009-07-01,0.35,0.9749565217391312,1.00113,0.55,0.0717845652173913,0.234,3.14,2.79
2009-08-01,0.3,0.860476190476191,0.77369,0.54,0.0738368095238095,0.23,3.3,2.76
2009-09-01,0.25,0.772090909090909,0.6056,0.54,0.073400380952381,0.22,3.37,2.77
2009-10-01,0.24,0.7375,0.57087,0.53,0.0850033333333333,0.215,3.78,2.79
2009-11-01,0.21,0.716190476190476,0.60936,0.51,0.118535785714286,0.215,3.95,2.8
2009-12-01,0.22,0.712045454545454,0.60541,0.46,0.115619909090909,0.198,4.12904761904762,2.78
2010-01-01,0.2,0.67975,0.61265,0.45,0.0903594,0.1725,4.2025,2.78
2010-02-01,0.19,0.6617,0.6331,0.44,0.09874325,0.165,4.16,2.73
2010-03-01,0.23,0.64495652173913,0.64549,0.43,0.0957777272727273,0.228,4.3275,2.67
2010-04-01,0.3,0.6447,0.65592,0.4,0.0879435,0.3375,4.545,2.69
2010-05-01,0.45,0.68652380952381,0.69713,0.39,0.08190975,0.39,4.805,2.89
2010-06-01,0.52,0.727590909090909,0.72839,0.38,0.11774075,0.522,4.8875,3.07
2010-07-01,0.41,0.848818181818182,0.73603,0.37,0.18285119047619,0.575,4.84,3.23
2010-08-01,0.32,0.8955,0.73296,0.36,0.20656935,0.66,4.7425,3.25
2010-09-01,0.28,0.8805,0.72859,0.36,0.213812095238095,0.85,4.815,3.18
2010-10-01,0.27,0.997666666666667,0.7384,0.34,0.24791775,0.895,4.81,3.18
2010-11-01,0.27,1.04204545454545,0.73901,0.34,0.18600105,0.9525,5.015,3.17
2010-12-01,0.3,1.02169565217391,0.74962,0.34,0.191368111111111,0.994,5.025,3.17
2011-01-01,0.29,1.0172380952381,0.76866,0.34,0.15081019047619,0.9625,4.955,3.19
2011-02-01,0.28,1.08675,0.79962,0.34,0.13954275,0.9525,4.9175,3.13
2011-03-01,0.28,1.17552173913043,0.80913,0.33615,0.155124173913043,0.926,4.92,2.69
2011-04-01,0.23,1.32121052631579,0.82096,0.33286,0.139454111111111,0.965,4.9,2.65
2011-05-01,0.21,1.42509090909091,0.82344,0.33214,0.119449863636364,0.9625,5.0025,2.66
2011-06-01,0.22,1.48859090909091,0.82512,0.33214,0.10205965,0.928,4.9925,2.65
2011-07-01,0.24,1.59761904761905,0.8289,0.33214,0.0909554761904762,0.9225,4.955,2.71
2011-08-01,0.29,1.55208695652174,0.85782,0.32857,-0.0675968,0.874,4.8575,2.9
2011-09-01,0.33,1.53645454545455,0.9181,0.32929,-0.0610702727272727,0.8725,4.81,2.88
2011-10-01,0.37,1.57585714285714,0.96991,0.32929,-0.0933598947368421,0.8625,4.725,2.76
2011-11-01,0.41,1.48468181818182,1.01182,0.32929,-0.0653187,0.882,4.6225,2.69
2011-12-01,0.49,1.42609523809524,1.06148,0.32929,0.08,0.83,4.5075,2.69
2012-01-01,0.4,1.22222727272727,1.08709,0.33077,0.0402932857142857,0.825,4.41,2.74
2012-02-01,0.3,1.04828571428571,1.07249,0.33167,0.0178765,0.918,4.37,2.75
2012-03-01,0.29,0.858454545454546,1.03757,0.33167,0.05129925,0.915,4.4425,2.74
2012-04-01,0.29,0.744315789473684,1.01792,0.33167,0.0136988333333333,0.9825,4.2025,2.74
2012-05-01,0.29,0.684909090909091,1.005,0.33167,-0.0154980555555556,0.988,3.655,2.59
2012-06-01,0.32,0.658857142857143,0.94978,0.33455,-0.0573110588235294,0.8825,3.4925,2.61
2012-07-01,0.3,0.497045454545455,0.81735,0.32727,-0.173395066666667,0.8875,3.545,2.67
2012-08-01,0.26,0.332391304347826,0.70481,0.32727,-0.207230666666667,1.002,3.6175,2.64
2012-09-01,0.24,0.2463,0.64803,0.32727,-0.150658058823529,1.0075,3.49,2.64
2012-10-01,0.23,0.207913043478261,0.54397,0.32636,-0.06339775,0.976,3.1625,2.65
2012-11-01,0.23,0.192,0.52452,0.31818,-0.144987368421053,0.97,3.2425,2.64
2012-12-01,0.24,0.185473684210526,0.51848,0.30818,-0.051343,0.945,3.1125,2.65
2013-01-01,0.23,0.204909090909091,0.51228,0.29182,-0.1080856,0.92,3.0,2.66
2013-02-01,0.22,0.22335,0.50988,0.26909,-0.0634238666666667,0.9475,2.94,2.66
2013-03-01,0.21,0.20605,0.50688,0.25,-0.0596407368421053,0.9625,3.05,2.64
2013-04-01,0.2,0.208904761904762,0.50557,0.22818,-0.0647253333333333,0.9825,3.02,2.65
2013-05-01,0.2,0.201227272727273,0.50563,0.22818,-0.05881175,0.998,2.82,2.64
2013-06-01,0.19,0.21025,0.50794,0.22818,-0.0602111052631579,1.025,2.8,2.64
2013-07-01,0.14,0.221434782608696,0.50944,0.228,-0.0558058260869565,1.012,2.76,2.64
2013-08-01,0.12,0.225863636363636,0.51262,0.228,-0.06065045,0.9925,2.6,2.64
2013-09-01,0.11,0.223238095238095,0.51688,0.228,-0.0511073157894737,0.9875,2.58,2.65
2013-10-01,0.12,0.225826086956522,0.51663,0.221,0.0159292,0.924,2.58,2.67
2013-11-01,0.12,0.223380952380952,0.52344,0.22,-0.0169540555555556,0.925,2.58,2.66
2013-12-01,0.14,0.2735,0.52474,0.22,0.0174349166666667,0.9175,2.6,2.73
2014-01-01,0.12,0.292045454545455,0.52093,0.22,-0.0433244,0.894,2.62,2.88
2014-02-01,0.13,0.2881,0.52153,0.212,-0.04796675,0.87,2.63,2.93
2014-03-01,0.12,0.305333333333333,0.52157,0.212,-0.0400058571428571,0.8425,2.65,3.05
2014-04-01,0.12,0.32975,0.52665,0.212,-0.0292094,0.926,2.68,3.24
2014-05-01,0.11,0.324571428571429,0.52744,0.21,-0.03160255,0.925,2.69,3.38
2014-06-01,0.11,0.241428571428571,0.54394,0.21,-0.012441,0.935,2.7,3.52
2014-07-01,0.13,0.20504347826087,0.55641,0.21,0.0333333333333333,0.948,2.65,3.67
2014-08-01,0.13,0.191571428571429,0.56119,0.21,0.038,0.95,2.63,3.69
2014-09-01,0.12,0.0970909090909091,0.56291,0.21,0.025,0.9275,2.66,3.71
2014-10-01,0.12,0.0826086956521739,0.55836,0.192,0.04,0.894,2.72,3.68
2014-11-01,0.13,0.0809,0.55628,0.182,0.0414285714285714,0.9025,2.75,3.67
2014-12-01,0.15,0.0809047619047619,0.55818,0.179,0.040234375,0.902,2.75,3.67
2015-01-01,0.16,0.0626666666666667,0.5626,0.173,-0.416666666666667,0.765,2.7,3.67
2015-02-01,0.15,0.0482,0.56363,0.171,-0.675,0.5325,2.36,3.63
2015-03-01,0.14,0.0271818181818182,0.56436,0.17,-0.788842625,0.5525,2.3,3.63
2015-04-01,0.13,0.0047,0.5695,0.17,-0.685416666666667,0.618,2.25,3.63
2015-05-01,0.15,-0.0103684210526316,0.56798,0.169,-0.81541675,0.6575,2.15,3.53
2015-06-01,0.18,-0.0139090909090909,0.57188,0.169,-0.767575833333333,0.61,2.15,3.33
2015-07-01,0.19,-0.0187391304347826,0.58084,0.169,-0.7443055,0.47,2.14,3.13
2015-08-01,0.26,-0.0276666666666667,0.5867,0.169,-0.78125,0.385,2.14,2.95
2015-09-01,0.27,-0.0370454545454546,0.58576,0.169,-0.756176166666667,0.4,2.17,2.85
2015-10-01,0.25,-0.0535909090909091,0.58006,0.169,-0.845,0.4025,2.15,2.86
2015-11-01,0.3,-0.0876190476190476,0.57371,0.169,-0.680833,0.4525,2.22,2.89
2015-12-01,0.54,-0.126318181818182,0.58277,0.169,-0.740213833333333,0.484,2.34,2.79
2016-01-01,0.57,-0.14615,0.58976,0.169,-0.745873,0.435,2.3,2.73
2016-02-01,0.54,-0.183571428571429,0.59073,0.098,-0.8886364,0.4575,2.28,2.62
2016-03-01,0.55,-0.22852380952381,0.58825,0.098,-0.774167,0.46,2.31,2.43
2016-04-01,0.55,-0.249190476190476,0.5889,0.06,-0.746875,0.5125,2.26,2.34
2016-05-01,0.57,-0.257181818181818,0.58929,0.06,-0.765375,0.5075,2.0,2.38
2016-06-01,0.55,-0.267909090909091,0.57468,0.059,-0.718645,0.51,1.99,2.37
2016-07-01,0.62,-0.294523809523809,0.5136,0.058,-0.77,0.5,1.93,2.37
2016-08-01,0.73,-0.298217391304348,0.40613,0.058,-0.75,0.506,1.76,2.24
2016-09-01,0.75,-0.301636363636364,0.37907,0.056,-0.75,0.505,1.73,2.23
2016-10-01,0.72,-0.309,0.3975,0.056,-0.75,0.4875,1.74,2.15
2016-11-01,0.71,-0.312681818181818,0.39773,0.056,-0.76,0.48,1.76,2.07
2016-12-01,0.87,-0.315761904761905,0.37226,0.056,-0.8,0.4775,1.78,2.03
2017-01-01,0.9,-0.325545454545455,0.3621,0.056,-0.93,0.45,1.78,1.98
2017-02-01,0.87,-0.3286,0.35674,0.056,-0.803778166666667,0.465,1.78,2.02
2017-03-01,0.98,-0.329347826086957,0.34567,0.056,-0.815,0.498,1.79,1.98
2017-04-01,1.03,-0.330388888888889,0.33513,0.056,-0.7901191,0.535,1.77,1.97
2017-05-01,1.05,-0.329454545454545,0.31081,0.056,-0.89770825,0.512,1.73,1.98
2017-06-01,1.16,-0.33,0.29442,0.056,-0.775,0.565,1.72,1.95
2017-07-01,1.22,-0.330428571428571,0.2931,0.075,-0.805833333333333,0.73,1.7,1.96
2017-08-01,1.25,-0.329086956521739,0.28119,0.056,-0.815,0.722,1.7,1.95
2017-09-01,1.25,-0.329380952380952,0.30911,0.056,-0.84525,0.98,1.72,1.95
2017-10-01,1.26,-0.329545454545455,0.38187,0.063,-0.925185222222222,0.96,1.7,1.94
2017-11-01,1.32,-0.329,0.51857,0.063,-0.906642166666667,0.88,1.72,1.93
2017-12-01,1.54,-0.327894736842105,0.51871,0.063,-0.864305555555556,0.96,1.77,1.88
2018-01-01,1.63,-0.328454545454546,0.5225,0.068,-0.87154745,1.164,1.79,1.88
2018-02-01,1.78,-0.3285,0.54683,0.068,-0.8715625,1.1625,1.77,1.91
2018-03-01,2.08,-0.327904761904762,0.62842,0.097,-0.79524075,1.095,1.93,1.93
2018-04-01,2.2,-0.32845,0.75629,0.097,-0.80023515,1.165,2.06,2.01
2018-05-01,2.16,-0.325227272727273,0.64355,0.078,-0.7861775,1.246,1.96,2.01
2018-06-01,2.19,-0.322047619047619,0.63868,0.078,-0.790477142857143,1.2375,2.07,2.01
2018-07-01,2.17,-0.320727272727273,0.74619,0.091,-0.780435909090909,1.375,2.02,1.94
2018-08-01,2.19,-0.319,0.80519,0.091,-0.777280909090909,1.488,1.96,1.9
2018-09-01,2.24,-0.31885,0.80093,0.05,-0.780283888888889,1.5175,1.93,1.9
2018-10-01,2.37,-0.317695652173913,0.80618,0.05,-0.831076428571429,1.66,1.93,1.89
2018-11-01,2.56,-0.316363636363636,0.87483,0.05,-0.815,1.7125,1.94,1.98
2018-12-01,2.69,-0.311894736842105,0.90444,0.05,-0.776,1.66,2.02,1.98
2019-01-01,2.59,-0.308,0.91822,0.03,-0.813503555555556,1.634,2.07,1.91
2019-02-01,2.49,-0.30845,0.87598,0.03,-0.768617571428571,1.665,1.96,1.9
2019-03-01,2.48,-0.309190476190476,0.84,0.05,-0.756575222222222,1.66,1.83,1.88
2019-04-01,2.47,-0.31045,0.82,0.05,-0.7475,1.675,1.68,1.81
2019-05-01,2.44,-0.311863636363636,0.8,0.049,-0.7752625,1.678,1.54,1.72
2019-06-01,2.3,-0.3289,0.78,0.049,-0.780555,1.665,1.29,1.6
2019-07-01,2.22,-0.364869565217391,0.77,0.049,-0.84,1.654,1.11,1.55
2019-08-01,2.06,-0.407681818181818,0.76,0.009,-0.8075,1.635,0.98,1.25
2019-09-01,2.03,-0.417571428571429,0.77,0.009,-0.79125,1.6275,0.98,1.15
2019-10-01,1.88,-0.412869565217391,0.78,0.009,-0.756590909090909,1.654,0.88,1.05
2019-11-01,1.77,-0.401285714285714,0.79,0.018,-0.705643333333333,1.6625,0.91,1.18
2019-12-01,1.76,-0.3947,0.79,0.021,-0.736666666666667,1.6575,0.9,1.22
2020-01-01,1.65,-0.391136363636364,0.74,0.021,-0.74875,1.646,0.89,1.27
2020-02-01,1.59,-0.40885,0.75,0.021,-0.7164475,1.6325,0.89,1.18
2020-03-01,1.35,-0.416636363636364,0.53,0.006,-0.675,0.6725,0.53,0.71
2020-04-01,,-0.25405,0.65,-0.039,-0.624583333333333,0.246,0.17,0.39
2020-05-01,0.17,-0.27195,0.33,-0.042,-0.663348888888889,0.235,0.1,0.26
2020-06-01,0.2,-0.376,0.19,-0.042,-0.6658145,0.1925,0.1,0.28
2020-07-01,0.18,-0.444130434782609,0.1,-0.065,-0.69071347826087,0.18,0.1,0.3
2020-08-01,0.15,-0.479714285714286,0.07,-0.065,-0.706807142857143,0.1575,0.1,0.29
2020-09-01,0.13,-0.491363636363636,0.06,-0.055,-0.708714090909091,0.142,0.09,0.3
2020-10-01,0.12,-0.509136363636364,0.05,-0.055,-0.698181818181818,0.1,0.07,0.27
2020-11-01,0.16,-0.520857142857143,0.04,-0.055,-0.73,0.1075,0.02,0.27
2020-12-01,0.17,-0.538090909090909,0.03,-0.055,-0.742727272727273,0.106,0.02,0.26
2021-01-01,0.14,-0.54715,0.03,-0.055,-0.729838,0.0575,0.01,0.28
2021-02-01,0.11,-0.5411,0.05,-0.055,-0.732424,0.0825,0.01,0.28
2021-03-01,0.1,-0.539086956521739,0.08,-0.065,-0.73,0.106,0.03,0.33
2021-04-01,0.11,-0.53815,0.09,-0.065,-0.7285415,0.0925,0.04,0.34
2021-05-01,0.1,-0.540095238095238,0.08,-0.065,-0.735221052631579,0.0975,0.04,0.35
2021-06-01,0.09,-0.542909090909091,0.08,-0.072,-0.737727272727273,0.128,0.03,0.33
2021-07-01,0.1,-0.544818181818182,0.08,-0.072,-0.736136363636364,0.1675,0.02,0.4
2021-08-01,0.1,-0.547590909090909,0.07,-0.072,-0.738181818181818,0.1775,0.01,0.54
2021-09-01,0.1,-0.545045454545454,0.07,-0.072,-0.82,0.132,0.01,0.57
2021-10-01,0.11,-0.549809523809524,0.16,-0.072,-0.726692380952381,0.12,0.04,0.7
2021-11-01,0.14,-0.567363636363636,0.13,-0.072,-0.693960909090909,0.1175,0.04,0.83
2021-12-01,0.17,-0.58195652173913,0.16,-0.049,-0.71745652173913,0.078,0.06,0.91
2022-01-01,0.22,-0.560142857142857,0.53,-0.049,-0.714190952380952,0.305,0.07,1.03
2022-02-01,0.38,-0.53150000005,0.81,-0.049,-0.684792,0.325,0.07,1.21
2022-03-01,0.73,-0.495434782608696,0.99,-0.049,-0.682174347826087,0.566,0.17,1.49
2022-04-01,0.91,-0.447894736842105,1.13,-0.049,-0.6725,1.0475,0.41,1.81
2022-05-01,1.33,-0.385727272727273,1.31,-0.049,-0.685,1.3675,1.0,2.22
2022-06-01,1.87,-0.239227272727273,1.57,0.005,-0.508571428571429,1.834,1.6,2.68
2022-07-01,2.5,0.0366190476190476,1.84,-0.031,-0.11,2.445,2.07,3.03
2022-08-01,2.76,0.394739130434783,2.23,-0.02,-0.0245454545454545,2.908,2.31,3.31
2022-09-01,3.21,1.01086363636364,2.91,-0.016,0.1475,3.42,2.76,3.64
2022-10-01,3.85,1.42766666666667,3.39,-0.016,0.52875,3.76,2.95,4.0
2022-11-01,4.46,1.82522727272727,3.52,-0.016,0.54,3.988,3.06,4.24
2022-12-01,4.51,2.06347619047619,3.78,-0.015,0.736349047619048,4.1675,3.17,4.53
2023-01-01,4.61,2.34486363636364,4.01,-0.006,0.986904761904762,4.325,3.32,4.81
2023-02-01,4.74,2.64035,4.21,0.001,1.0,4.45,3.46,5.01
2023-03-01,4.91,2.9105652173913095,4.33,-0.008,1.36382260869565,4.388,3.64,5.15
2023-04-01,5.03,3.167,4.52,-0.001,1.45,4.3675,3.66,5.49
2023-05-01,5.15,3.3664347826087,4.73,-0.019,1.45,4.478,3.9,5.67
2023-06-01,5.22,3.53586363636364,5.09,-0.003,1.59045454545455,4.8325,4.25,5.68
2023-07-01,5.35,3.67180952380952,5.49,-0.003,1.72,4.935,4.3,5.67
2023-08-01,5.44,3.78030434782609,5.53,-0.003,1.76727272727273,5.054,4.15,5.64
2023-09-01,5.49,3.88004761904762,5.52,0.024,1.77,5.0375,4.13,5.68
2023-10-01,5.46,3.96763636363636,5.4,-0.012,1.77,5.08,4.21,5.68
2023-11-01,5.41,3.97163636363636,5.36,0.024,1.73181818181818,4.996,4.38,5.63
2023-12-01,5.32,3.93309523809524,5.22,0.052,1.6525,4.9475,4.35,5.63
2024-01-01,5.26,3.9252727272727297,5.2,0.025,1.6852380952381,4.948,4.35,5.64
2024-02-01,5.22,3.92319047619048,5.21,0.027,1.7,4.935,4.34,5.71
2024-03-01,5.29,3.9223809523809514,5.2,0.109,1.5,4.905,4.35,5.64
2024-04-01,5.33,3.88636363636364,5.18,0.109,1.5,4.925,4.37,5.63
2024-05-01,5.33,3.81365217391304,5.16,0.129,1.5,4.868,4.36,5.62
2024-06-01,5.28,3.7245,5.16,0.149,1.427,4.6475,4.39,5.62
2024-07-01,5.31,3.68482608695652,5.09,0.166,1.19347826086957,4.508,4.46,5.55
2024-08-01,5.12,3.54759090909091,4.91,0.255,1.06647238095238,4.2325,4.38,5.3
2024-09-01,4.86,3.43371428571428,4.84,0.256,1.02214285714286,4.0425,4.42,5.05
2024-10-01,4.62,3.16660869565217,4.75,0.256,0.894492608695652,3.71,4.41,4.65
2024-11-01,4.53,3.0067619047619,4.68,0.362,0.806508095238095,3.48,4.42,4.42
2024-12-01,4.46,2.81609090909091,4.64,0.386,0.60075,3.195,4.44,4.27
2025-01-01,4.33,2.7031304348,4.55,0.76727,0.408095238095238,3.058,4.33,4.05
2025-02-01,4.34,2.52495,4.44,0.79182,0.37125,2.8425,4.17,3.81
2025-03-01,4.29,2.4424285714,4.39,0.82091,0.312911904761905,2.66,4.12,3.67
2025-04-01,4.32,2.2481818182,4.26,0.78364,0.15585,2.622,4.02,3.49
2025-05-01,4.29,2.0912727273,4.19,0.77545,0.092,2.6225,3.78,3.34
2025-06-01,4.31,1.9836190476,4.15,0.77273,0.039603,2.66,3.69,3.3
2025-07-01,4.28,1.9863478261,4.05,0.77273,-0.0406521739130435,2.662,3.68,3.25
2025-08-01,4.22,2.0210952381,3.98,0.77273,-0.0615,2.655,3.61,3.1
2025-09-01,4.1,2.0272727273,3.97,0.81818,-0.0596968181818182,2.4925,3.58,2.93
2025-10-01,3.98,2.0344347826,3.93,0.80909,-0.0643113043478261,2.334,3.56,2.58
2025-11-01,3.86,2.04165,3.84,0.80636,-0.0475,2.185,3.65,2.47
2025-12-01,3.74,2.0457826087,3.75,1.07273,-0.0482128571428571,2.164,3.71,2.49
2026-01-01,3.63,2.0277272727,3.71,1.11636,-0.0388865,2.19,3.77,2.5
2026-02-01,3.66,,,1.22909,-0.0435,2.1775,3.96,2.49
2026-03-01,3.69,,,1.26882,-0.0411959090909091,2.23,4.19,2.51
2026-04-01,3.77,,,1.24182,-0.0398335,2.272,4.34,2.56
2026-05-01,3.72,,,1.27409,-0.0394444444444444,2.2925,4.43,2.63
2026-06-01,3.77,,,1.412,-0.0451195454545455,2.2725,4.46,2.68
2026-07-01,3.82,,,1.45845,-0.0448913043478261,2.258,4.48,2.85
2026-08-01,3.82,,,,-0.045,2.28,4.51,2.98
