entry_time,exit_time,side,entry,exit,stop,target,reason,net_r,net_pips,pnl_usd,balance
2010-04-05 23:00:00+00:00,2010-04-07 16:00:00+00:00,LONG,1.43245,1.4345902492518694,1.4310231671654203,1.4345902492518694,target,1.2621815123478222,19.902492518693972,63.109075617391106,10063.10907561739
2010-04-16 01:00:00+00:00,2010-04-19 09:00:00+00:00,SHORT,1.43365,1.4351027778626988,1.4351027778626988,1.431470833205952,stop,-1.0000000000000195,-16.027778626987065,-50.31554537808793,10012.793530239303
2010-04-26 03:00:00+00:00,2010-04-26 09:00:00+00:00,LONG,1.4356,1.4340223697690746,1.4340223697690746,1.4379664453463878,stop,-1.0000000000000493,-17.276302309253865,-50.063967651198986,9962.729562588105
2010-04-28 04:00:00+00:00,2010-04-28 12:00:00+00:00,SHORT,1.43305,1.434348921004461,1.434348921004461,1.4311016184933083,stop,-1.0000000000000029,-14.489210044611621,-49.813647812940665,9912.915914775165
2010-04-30 07:00:00+00:00,2010-04-30 09:00:00+00:00,LONG,1.4353,1.4341612162110513,1.4341612162110513,1.437008175683423,stop,-1.0000000000000784,-12.887837889487162,-49.56457957387971,9863.351335201285
2010-04-30 16:00:00+00:00,2010-06-01 00:00:00+00:00,SHORT,1.4327,1.4307657982681283,1.433989467821248,1.4307657982681283,target_gap,1.2394870559351359,17.84201731871754,61.12748154061266,9924.478816741897
2010-08-02 23:00:00+00:00,2010-08-03 16:00:00+00:00,LONG,1.369,1.3749460825982847,1.3650359449344769,1.3749460825982847,target,1.408849056702584,57.96082598284663,69.910463096158,9994.389279838055
2010-08-12 02:00:00+00:00,2010-08-12 05:00:00+00:00,SHORT,1.36065,1.3647482631390404,1.3647482631390404,1.354502605291439,stop,-0.9999999999999953,-42.48263139040492,-49.97194639919004,9944.417333438865
2010-09-06 13:00:00+00:00,2010-09-06 14:00:00+00:00,LONG,1.308,1.3044123961809662,1.3044123961809662,1.3133814057285509,stop,-1.0000000000000036,-37.37603819033891,-49.7220866671945,9894.695246771671
2010-09-06 17:00:00+00:00,2010-09-06 23:00:00+00:00,SHORT,1.30225,1.2968507632493456,1.3058494911671028,1.2968507632493456,target,1.3999864292813555,52.49236750654346,69.26219533677536,9963.957442108447
2010-09-15 10:00:00+00:00,2010-09-16 08:00:00+00:00,LONG,1.30075,1.3072137027440813,1.2964408648372794,1.3072137027440813,target,1.4159029752820687,63.13702744081256,70.5399849393263,10034.497427047774
2010-10-12 21:00:00+00:00,2010-10-13 07:00:00+00:00,SHORT,1.3323,1.3363615262524724,1.3363615262524724,1.3262077106212915,stop,-0.9999999999999913,-42.11526252472358,-50.172487135238434,9984.324939912536
2010-10-13 18:00:00+00:00,2010-10-14 07:00:00+00:00,LONG,1.33845,1.3344417621182012,1.3344417621182012,1.344462356822698,stop,-0.9999999999999968,-41.58237881798715,-49.921624699562514,9934.403315212974
2010-10-19 09:00:00+00:00,2010-10-19 10:00:00+00:00,SHORT,1.3346,1.3380612289940212,1.3380612289940212,1.3294081565089682,stop,-0.9999999999999866,-36.11228994021237,-49.6720165760642,9884.73129863691
2010-10-19 12:00:00+00:00,2010-10-19 17:00:00+00:00,LONG,1.3403,1.3363686242347432,1.3363686242347432,1.3461970636478853,stop,-0.9999999999999881,-40.81375765256817,-49.42365649318396,9835.307642143727
2010-10-19 22:00:00+00:00,2010-10-20 14:00:00+00:00,SHORT,1.33345,1.3378992787667132,1.3378992787667132,1.3267760818499303,stop,-1.0000000000000226,-45.992787667131935,-49.17653821071975,9786.131103933007
2010-10-20 21:00:00+00:00,2010-10-21 01:00:00+00:00,LONG,1.34285,1.3393919653963182,1.3393919653963182,1.348037051905523,stop,-0.9999999999999827,-36.08034603681881,-48.930655519664185,9737.200448413343
2010-12-01 06:00:00+00:00,2010-12-01 08:00:00+00:00,SHORT,1.30571,1.3143452490185985,1.3143452490185985,1.292757126472102,stop,-0.9999999999999953,-87.85249018598579,-48.686002242066486,9688.514446171277
2011-03-01 08:00:00+00:00,2011-03-01 21:00:00+00:00,LONG,1.28592,1.2799207983488672,1.2799207983488672,1.2949188024766993,stop,-0.9999999999999826,-61.492016511327684,-48.44257223085554,9640.071873940422
2011-03-15 15:00:00+00:00,2011-03-16 13:00:00+00:00,SHORT,1.28178,1.273788261683233,1.2871078255445112,1.273788261683233,target,1.4315421791086802,78.41738316766916,69.00084748592485,9709.072721426346
2011-03-22 00:00:00+00:00,2011-03-22 05:00:00+00:00,LONG,1.28675,1.2838099292513212,1.2838099292513212,1.2911601061230185,stop,-0.9999999999999896,-30.90070748678858,-48.54536360713123,9660.527357819215
2011-04-12 14:00:00+00:00,2011-04-13 15:00:00+00:00,SHORT,1.30052,1.2941578644322391,1.3047614237118406,1.2941578644322391,target,1.4146062815599003,62.12135567760774,68.32921341776165,9728.856571236976
2011-04-28 10:00:00+00:00,2011-04-28 15:00:00+00:00,LONG,1.29449,1.2913404903895815,1.2913404903895815,1.2992142644156273,stop,-1.0000000000000242,-32.99509610418377,-48.64428285618606,9680.21228838079
2011-09-07 15:00:00+00:00,2011-09-08 08:00:00+00:00,LONG,1.20699,1.213755977836252,1.2024793481091653,1.213755977836252,target,1.41953915272295,66.15977836252101,68.70720175013177,9748.919490130922
2011-11-01 22:00:00+00:00,2011-11-02 10:00:00+00:00,SHORT,1.21515,1.2180623083536835,1.2180623083536835,1.2107815374694746,stop,-0.9999999999999812,-30.623083536835015,-48.74459745065369,9700.174892680268
2011-11-04 16:00:00+00:00,2011-11-06 22:00:00+00:00,LONG,1.22181,1.2263620795983354,1.2187752802677765,1.2263620795983354,target_gap,1.3822502350188892,44.02079598335368,67.04034512565815,9767.215237805927
2011-11-23 03:00:00+00:00,2011-11-23 06:00:00+00:00,SHORT,1.23315,1.23047417909287,1.2349338806047532,1.23047417909287,target,1.3060893733159222,25.25820907130033,63.78428014493834,9830.999517950866
2012-03-13 21:00:00+00:00,2012-03-14 05:00:00+00:00,LONG,1.20765,1.2086974015390226,1.206951732307318,1.2086974015390226,target,1.0579225718069685,8.974015390227187,52.00218146731824,9883.001699418184
2012-03-19 12:00:00+00:00,2012-03-20 18:00:00+00:00,SHORT,1.20645,1.2053423296909713,1.207188446872686,1.2053423296909713,target,1.0779151105948033,9.576703090286966,53.265184349184906,9936.26688376737
2012-05-24 14:00:00+00:00,2012-05-24 14:00:00+00:00,LONG,1.20345,1.2021154951956727,1.2021154951956727,1.2054517572064907,stop,-1.0000000000000293,-14.845048043271746,-49.681334418838304,9886.585549348532
2012-05-30 05:00:00+00:00,2012-05-31 09:00:00+00:00,SHORT,1.20104,1.2016954641959936,1.2016954641959936,1.2000568037060098,stop,-0.9999999999998694,-8.054641959934937,-49.43292774673621,9837.152621601796
2012-06-11 04:00:00+00:00,2012-06-11 10:00:00+00:00,LONG,1.20148,1.200947704627423,1.200947704627423,1.2022784430588656,stop,-1.0000000000001001,-6.822953725770407,-49.1857631080139,9787.96685849378
2012-06-11 21:00:00+00:00,2012-06-13 21:00:00+00:00,SHORT,1.201,1.20092,1.20149680730284,1.2002547890457402,time,-0.10822388629901022,-0.6999999999991999,-5.296459061960556,9782.67039943182
2012-06-14 07:00:00+00:00,2012-06-14 07:00:00+00:00,LONG,1.20137,1.202016543573411,1.2009389709510594,1.202016543573411,target,0.8545933707035807,4.965435734108738,41.80102635566291,9824.471425787482
2012-06-14 09:00:00+00:00,2012-06-17 22:00:00+00:00,SHORT,1.20083,1.201332443414648,1.201332443414648,1.2000763348780283,stop,-1.0000000000001383,-6.524434146478907,-49.1223571289442,9775.349068658537
2012-06-18 04:00:00+00:00,2012-06-18 09:00:00+00:00,LONG,1.20122,1.2007882966501073,1.2007882966501073,1.201867555024839,stop,-0.9999999999998882,-5.817033498926204,-48.876745343287226,9726.47232331525
2012-06-18 14:00:00+00:00,2012-06-18 19:00:00+00:00,SHORT,1.20091,1.2003712285714243,1.2012691809523837,1.2003712285714243,target,0.7635231183640862,3.887714285756129,37.13193239489819,9763.604255710148
2012-06-27 17:00:00+00:00,2012-06-27 19:00:00+00:00,LONG,1.20103,1.2005938095885595,1.2005938095885595,1.2016842856171606,stop,-1.0000000000001512,-5.8619041144049575,-48.81802127855812,9714.78623443159
2012-07-06 14:00:00+00:00,2012-07-08 21:00:00+00:00,SHORT,1.20091,1.201293567479591,1.201293567479591,1.2003346487806132,stop,-0.9999999999999177,-5.335674795911181,-48.57393117215396,9666.212303259437
2012-07-17 18:00:00+00:00,2012-07-17 23:00:00+00:00,LONG,1.20125,1.2007348571191754,1.2007348571191754,1.2020227143212368,stop,-1.000000000000003,-6.651428808245484,-48.33106151629733,9617.88124174314
2012-07-20 12:00:00+00:00,2012-07-24 12:00:00+00:00,SHORT,1.20084,1.20091,1.201279460906524,1.2001808086402137,time,-0.3732223758439017,-2.200000000000145,-17.948042438139353,9599.933199305
2012-07-26 14:00:00+00:00,2012-07-26 14:00:00+00:00,LONG,1.20101,1.20046166915916,1.20046166915916,1.2018324962612597,stop,-1.0000000000000366,-6.98330840839828,-47.99966599652676,9551.933533308473
2012-07-26 17:00:00+00:00,2012-07-30 17:00:00+00:00,SHORT,1.20088,1.20111,1.2014416045398415,1.2000375931902376,time,-0.5340044627660775,-3.7999999999995246,-25.503875674158355,9526.429657634315
2012-08-09 03:00:00+00:00,2012-08-09 14:00:00+00:00,SHORT,1.20126,1.2003581917318318,1.2018612055121123,1.2003581917318318,target,1.000802385028174,7.518082681682138,47.67036761081777,9574.100025245132
2012-09-04 19:00:00+00:00,2012-09-04 20:00:00+00:00,LONG,1.20113,1.2006040930625024,1.2006040930625024,1.2019188604062465,stop,-1.0000000000000355,-6.759069374976555,-47.87050012622736,9526.229525118904
2012-09-20 11:00:00+00:00,2012-09-20 19:00:00+00:00,SHORT,1.20871,1.210137813474641,1.210137813474641,1.2065682797880384,stop,-1.0000000000000275,-15.778134746410487,-47.63114762559584,9478.598377493308
2012-09-21 18:00:00+00:00,2012-09-23 21:00:00+00:00,LONG,1.21171,1.2104320649996572,1.2104320649996572,1.2136269025005146,stop,-0.9999999999999455,-14.279350003429002,-47.39299188746396,9431.205385605845
2012-09-24 05:00:00+00:00,2012-09-24 06:00:00+00:00,SHORT,1.20982,1.2110227059525893,1.2110227059525893,1.2080159410711158,stop,-1.000000000000026,-13.527059525894224,-47.15602692803044,9384.049358677814
2012-11-30 19:00:00+00:00,2012-12-03 01:00:00+00:00,LONG,1.20494,1.2060169004650438,1.2042220663566372,1.2060169004650438,target,1.0679393201684055,9.269004650439395,50.10797646266573,9434.15733514048
2012-12-10 17:00:00+00:00,2012-12-10 17:00:00+00:00,SHORT,1.20624,1.2071725395183708,1.2071725395183708,1.2048411907224437,stop,-0.9999999999999316,-10.825395183708007,-47.170786675699176,9386.986548464782
2012-12-11 08:00:00+00:00,2012-12-11 08:00:00+00:00,LONG,1.21002,1.2116026447845527,1.208964903476965,1.2116026447845527,target,1.1888216065418482,14.326447845526115,55.797262145663105,9442.783810610445
2012-12-14 17:00:00+00:00,2012-12-16 23:00:00+00:00,SHORT,1.20784,1.2089863575208333,1.2089863575208333,1.2061204637187501,stop,-1.0000000000000295,-12.963575208332522,-47.213919053053615,9395.56989155739
2012-12-27 17:00:00+00:00,2012-12-28 05:00:00+00:00,LONG,1.20868,1.2075553520756812,1.2075553520756812,1.210366971886478,stop,-1.0000000000000304,-12.746479243187668,-46.97784945778838,9348.592042099603
2012-12-30 23:00:00+00:00,2013-01-01 22:00:00+00:00,SHORT,1.20713,1.2080993532031827,1.2080993532031827,1.205675970195226,stop,-1.0000000000000517,-11.19353203182699,-46.74296021050043,9301.849081889102
2013-01-02 13:00:00+00:00,2013-01-04 13:00:00+00:00,LONG,1.20907,1.20896,1.2079858695616938,1.2106961956574593,time,-0.21067465150352815,-2.600000000000545,-9.798319068327,9292.050762820776
2013-01-31 04:00:00+00:00,2013-01-31 14:00:00+00:00,SHORT,1.23379,1.2362041186503596,1.2362041186503596,1.2301688220244604,stop,-1.000000000000027,-25.641186503596757,-46.46025381410514,9245.590509006672
2013-02-13 11:00:00+00:00,2013-02-13 13:00:00+00:00,LONG,1.23758,1.2354590370864307,1.2354590370864307,1.2407614443703536,stop,-1.0000000000000036,-22.709629135692243,-46.227952545033524,9199.362556461638
2013-02-14 14:00:00+00:00,2013-02-14 17:00:00+00:00,SHORT,1.22927,1.2314207116826636,1.2314207116826636,1.2260439324760048,stop,-1.0000000000000175,-23.00711682663564,-45.996812782309,9153.36574367933
2013-02-19 11:00:00+00:00,2013-02-19 17:00:00+00:00,LONG,1.23287,1.2350150959842707,1.231439936010486,1.2350150959842707,target,1.2626678397275315,19.950959842708173,57.78830274903784,9211.154046428366
2013-02-21 10:00:00+00:00,2013-02-22 11:00:00+00:00,SHORT,1.22964,1.2268743208249742,1.231483786116684,1.2268743208249742,target,1.3119156328444457,26.156791750259035,60.421284950238736,9271.575331378604
2013-03-05 03:00:00+00:00,2013-03-05 08:00:00+00:00,LONG,1.22572,1.2277971185679373,1.2243352542880417,1.2277971185679373,target,1.2556598483526151,19.271185679373527,58.209724372943526,9329.785055751548
2013-03-15 16:00:00+00:00,2013-03-17 21:00:00+00:00,SHORT,1.22657,1.2232486889294647,1.2287842073803568,1.2232486889294647,target_gap,1.3413844728191817,31.713110705352378,62.57414404262786,9392.359199794177
2013-04-09 14:00:00+00:00,2013-04-09 14:00:00+00:00,LONG,1.22029,1.2189579062180071,1.2189579062180071,1.2222881406729897,stop,-0.9999999999999263,-14.82093781992949,-46.961795998967425,9345.397403795208
2013-04-15 00:00:00+00:00,2013-04-15 05:00:00+00:00,SHORT,1.21591,1.2169748753833554,1.2169748753833554,1.214312686924967,stop,-0.9999999999999146,-12.148753833553126,-46.72698701897205,9298.670416776236
2013-04-19 16:00:00+00:00,2013-04-22 13:00:00+00:00,LONG,1.21824,1.2199565449540266,1.2170956366973156,1.2199565449540266,target,1.2102822683382048,15.66544954026622,56.27007962272652,9354.940496398964
2013-06-12 05:00:00+00:00,2013-06-12 06:00:00+00:00,SHORT,1.23,1.2324597008546676,1.2324597008546676,1.2263104487179985,stop,-0.999999999999997,-26.097008546676236,-46.77470248199467,9308.165793916969
2013-06-18 07:00:00+00:00,2013-06-18 07:00:00+00:00,LONG,1.23448,1.232743693619623,1.232743693619623,1.2370844595705655,stop,-1.0000000000000522,-18.863063803770284,-46.540828969587274,9261.624964947381
2013-06-18 10:00:00+00:00,2013-06-18 15:00:00+00:00,SHORT,1.23055,1.232744160028312,1.232744160028312,1.227258759957532,stop,-0.9999999999999796,-23.441600283119644,-46.30812482473596,9215.316840122645
2013-06-18 22:00:00+00:00,2013-06-19 18:00:00+00:00,LONG,1.23217,1.2349454112729585,1.2303197258180276,1.2349454112729585,target,1.312525701036556,26.2541127295855,60.47670097927978,9275.793541101924
2013-06-20 15:00:00+00:00,2013-06-24 14:00:00+00:00,SHORT,1.22714,1.2223586816207284,1.2303275455861808,1.2223586816207284,target,1.3876419841117216,46.31318379271537,64.35740276792683,9340.15094386985
2013-06-27 19:00:00+00:00,2013-06-28 13:00:00+00:00,LONG,1.2326,1.230643490572455,1.230643490572455,1.2355347641413172,stop,-0.9999999999999857,-21.065094275448836,-46.70075471934858,9293.450189150502
2013-07-16 22:00:00+00:00,2013-07-17 09:00:00+00:00,SHORT,1.23628,1.2336800218157742,1.238013318789484,1.2336800218157742,target,1.30088341809474,24.499781842258596,60.44847623977656,9353.89866539028
2013-07-24 15:00:00+00:00,2013-07-25 11:00:00+00:00,LONG,1.23783,1.2363442435207854,1.2363442435207854,1.2400586347188218,stop,-0.9999999999999998,-16.357564792145617,-46.76949332695139,9307.129172063327
2013-07-25 15:00:00+00:00,2013-07-26 08:00:00+00:00,SHORT,1.23561,1.2332513511390681,1.2371824325739549,1.2332513511390681,target,1.2822846562062618,22.086488609319556,59.67194465333247,9366.801116716659
2013-08-02 05:00:00+00:00,2013-08-02 12:00:00+00:00,LONG,1.23834,1.2371981468872915,1.2371981468872915,1.2400527796690628,stop,-0.9999999999999855,-12.918531127085352,-46.83400558358261,9319.967111133075
2013-08-05 08:00:00+00:00,2013-08-05 09:00:00+00:00,SHORT,1.23345,1.2348354512829398,1.2348354512829398,1.2313718230755901,stop,-0.9999999999999986,-15.354512829398757,-46.599835555665315,9273.36727557741
2013-08-05 13:00:00+00:00,2013-08-05 14:00:00+00:00,LONG,1.23488,1.2333652456041444,1.2333652456041444,1.2371521315937832,stop,-1.0000000000000357,-16.647543958555776,-46.3668363778887,9227.00043919952
2013-08-13 13:00:00+00:00,2013-08-13 14:00:00+00:00,LONG,1.23735,1.2359951443030308,1.2359951443030308,1.2393822835454538,stop,-0.9999999999999853,-15.048556969691372,-46.135002195996925,9180.865437003524
2013-08-20 00:00:00+00:00,2013-08-20 07:00:00+00:00,SHORT,1.23262,1.2304480628664942,1.234067958089004,1.2304480628664942,target,1.265325509736116,20.2193713350583,58.08391619447587,9238.949353197999
2013-08-26 12:00:00+00:00,2013-08-26 12:00:00+00:00,LONG,1.23501,1.233900459109379,1.233900459109379,1.2366743113359313,stop,-1.0000000000000444,-12.595408906209858,-46.19474676599205,9192.754606432007
2013-08-27 02:00:00+00:00,2013-08-27 07:00:00+00:00,SHORT,1.2324,1.2305982607954287,1.233601159469714,1.2305982607954287,target,1.2224605915101359,16.517392045712732,56.188901168931984,9248.94350760094
2013-09-03 05:00:00+00:00,2013-09-03 06:00:00+00:00,LONG,1.2327,1.2339006844991949,1.2318995436672033,1.2339006844991949,target,1.1054526788236356,10.506844991949706,51.12134688382966,9300.06485448477
2013-09-17 06:00:00+00:00,2013-09-17 07:00:00+00:00,SHORT,1.23588,1.2368053322287054,1.2368053322287054,1.234492001656942,stop,-0.9999999999999607,-10.753322287052779,-46.50032427242203,9253.564530212348
2013-09-17 10:00:00+00:00,2013-09-18 09:00:00+00:00,LONG,1.23717,1.2361949136093282,1.2361949136093282,1.238632629586008,stop,-0.9999999999999977,-11.250863906718976,-46.267822651061635,9207.296707561287
2013-09-18 17:00:00+00:00,2013-09-18 18:00:00+00:00,SHORT,1.23482,1.2359036815957893,1.2359036815957893,1.2331944776063162,stop,-1.0000000000000593,-12.336815957893098,-46.03648353780916,9161.260224023477
2013-11-04 12:00:00+00:00,2013-11-04 15:00:00+00:00,LONG,1.23178,1.2306847828503031,1.2306847828503031,1.2334228257245456,stop,-0.9999999999999917,-12.452171496969587,-45.806301120117006,9115.45392290336
2013-11-21 00:00:00+00:00,2013-11-22 13:00:00+00:00,SHORT,1.23183,1.2301588456209176,1.2329441029193884,1.2301588456209176,target,1.2033469393603262,15.211543790823846,54.84526789502919,9170.299190798389
2013-11-28 05:00:00+00:00,2013-11-28 08:00:00+00:00,LONG,1.23244,1.2317082162420145,1.2317082162420145,1.233537675636978,stop,-1.0000000000000242,-8.81783757985438,-45.85149595399305,9124.447694844395
2013-11-28 12:00:00+00:00,2013-11-28 12:00:00+00:00,SHORT,1.23125,1.232009616779775,1.232009616779775,1.2301105748303376,stop,-1.0000000000000855,-9.096167797749853,-45.622238474225874,9078.82545637017
2013-11-28 13:00:00+00:00,2013-11-29 10:00:00+00:00,LONG,1.2321,1.2312789272759233,1.2312789272759233,1.233331609086115,stop,-1.0000000000000255,-9.710727240767213,-45.39412728185201,9033.431329088318
2013-11-29 14:00:00+00:00,2013-11-29 15:00:00+00:00,SHORT,1.22962,1.2305595411133976,1.2305595411133976,1.2282106883299035,stop,-1.000000000000013,-10.895411133976683,-45.167156645442184,8988.264172442876
2014-03-06 03:00:00+00:00,2014-03-06 12:00:00+00:00,LONG,1.21931,1.2182883644220042,1.2182883644220042,1.2208424533669933,stop,-1.0000000000000935,-11.716355779957276,-44.94132086221858,8943.322851580657
2014-03-11 19:00:00+00:00,2014-03-12 13:00:00+00:00,SHORT,1.21679,1.2152874409688545,1.2177917060207637,1.2152874409688545,target,1.1743960757004823,13.525590311454895,52.51501630309385,8995.83786788375
2014-03-19 11:00:00+00:00,2014-03-19 18:00:00+00:00,LONG,1.21738,1.2187892258377226,1.2164405161081848,1.2187892258377226,target,1.1558003263589773,12.592258377227385,51.98696171786243,9047.824829601614
2014-04-01 09:00:00+00:00,2014-04-01 15:00:00+00:00,SHORT,1.21801,1.2187915277270935,1.2187915277270935,1.2168377084093598,stop,-1.0000000000000198,-9.315277270935006,-45.23912414800896,9002.585705453605
2014-04-02 11:00:00+00:00,2014-04-02 15:00:00+00:00,LONG,1.21919,1.2203054099086754,1.2184463933942165,1.2203054099086754,target,1.0803522516811743,9.654099086754243,48.629818689197776,9051.215524142803
2014-04-08 22:00:00+00:00,2014-04-09 13:00:00+00:00,SHORT,1.21897,1.2175693183472476,1.2199037877685017,1.2175693183472476,target,1.153991297098341,12.506816527525334,52.22511971511097,9103.440643857914
2014-04-17 19:00:00+00:00,2014-04-21 19:00:00+00:00,LONG,1.21987,1.22057,1.2190631787984774,1.221080231802284,time,0.5748200386077028,5.499999999999229,26.164200511826685,9129.60484436974
2014-04-28 09:00:00+00:00,2014-04-28 14:00:00+00:00,SHORT,1.21789,1.2186521353935342,1.2186521353935342,1.2167467969096983,stop,-0.9999999999999641,-9.121353935343134,-45.648024221847066,9083.956820147892
2014-04-29 15:00:00+00:00,2014-04-30 00:00:00+00:00,LONG,1.22072,1.220001707723755,1.220001707723755,1.2217974384143677,stop,-0.9999999999999075,-8.682922762449806,-45.419784100735264,9038.537036047157
2014-06-05 13:00:00+00:00,2014-06-05 16:00:00+00:00,SHORT,1.2193,1.2179329087565844,1.2202113941622772,1.2179329087565844,target,1.1466911037125858,12.17091243415608,51.82205004905999,9090.359086096218
2014-08-05 06:00:00+00:00,2014-08-05 08:00:00+00:00,LONG,1.21696,1.2175134688067142,1.216591020795524,1.2175134688067142,target,0.7774276950487775,4.034688067141413,35.33548455734747,9125.694570653564
2014-08-06 02:00:00+00:00,2014-08-06 11:00:00+00:00,SHORT,1.21586,1.2152167914857492,1.2162888056761672,1.2152167914857492,target,0.8521141629376562,4.932085142507038,38.88066795148588,9164.57523860505
2014-09-10 13:00:00+00:00,2014-09-10 18:00:00+00:00,LONG,1.21071,1.209578514085295,1.209578514085295,1.2124072288720573,stop,-1.0000000000000449,-12.814859147049106,-45.822876193027305,9118.752362412022
2014-09-18 22:00:00+00:00,2014-09-22 17:00:00+00:00,SHORT,1.20658,1.2076446694088891,1.2076446694088891,1.204982995886666,stop,-0.9999999999999257,-12.146694088891628,-45.59376181205672,9073.158600599965
2014-11-24 11:00:00+00:00,2014-11-26 09:00:00+00:00,LONG,1.2025,1.2018384567493146,1.2018384567493146,1.203492314876028,stop,-0.9999999999999198,-8.11543250685348,-45.365793002996185,9027.792807596968
2014-11-27 18:00:00+00:00,2014-11-28 07:00:00+00:00,SHORT,1.20197,1.2023475031963518,1.2023475031963518,1.2014037452054724,stop,-1.0000000000000986,-5.275031963517694,-45.13896403798929,8982.65384355898
2014-12-01 03:00:00+00:00,2014-12-01 06:00:00+00:00,LONG,1.20358,1.2028449968863661,1.2028449968863661,1.204682504670451,stop,-0.999999999999955,-8.850031136339474,-44.91326921779288,8937.740574341185
2014-12-05 12:00:00+00:00,2014-12-05 13:00:00+00:00,SHORT,1.20214,1.2025434347127857,1.2025434347127857,1.2015348479308214,stop,-1.0000000000001072,-5.5343471278569965,-44.688702871710724,8893.051871469475
2014-12-11 03:00:00+00:00,2014-12-11 06:00:00+00:00,LONG,1.20342,1.2028076876600662,1.2028076876600662,1.2043384685099008,stop,-0.9999999999998638,-7.623123399337516,-44.465259357341324,8848.586612112134
2014-12-11 11:00:00+00:00,2014-12-15 11:00:00+00:00,SHORT,1.20143,1.20107,1.202206733498745,1.2002648997518826,time,0.22660236225873162,2.0999999999991594,10.025553144777984,8858.612165256913
2014-12-18 13:00:00+00:00,2014-12-18 16:00:00+00:00,LONG,1.20538,1.2038523832364099,1.2038523832364099,1.207671425145385,stop,-0.9999999999999489,-16.77616763590034,-44.29306082628231,8814.31910443063
2014-12-25 07:00:00+00:00,2014-12-25 22:00:00+00:00,SHORT,1.2021,1.2024952096775046,1.2024952096775046,1.2015071854837431,stop,-1.0000000000001674,-5.452096775046154,-44.07159552216052,8770.24750890847
2014-12-29 00:00:00+00:00,2014-12-29 08:00:00+00:00,LONG,1.20263,1.20318376896222,1.2022608206918535,1.20318376896222,target,0.7777061910677439,4.037689622199249,34.10337892437287,8804.350887832841
2014-12-31 18:00:00+00:00,2015-03-01 22:00:00+00:00,SHORT,1.20255,1.2017306498081708,1.2030962334612196,1.2017306498081708,target_gap,0.9613875648216873,6.6935019182921565,42.32196729944638,8846.672855132287
2015-03-01 23:00:00+00:00,2015-03-03 23:00:00+00:00,SHORT,1.06628,1.07432,1.0814354950606826,1.0435467574089758,time,-0.5351019334904653,-81.90000000000046,-23.66935874869451,8823.003496383591
2015-05-15 14:00:00+00:00,2015-05-15 14:00:00+00:00,LONG,1.0496,1.0472534424680164,1.0472534424680164,1.0531198362979755,stop,-1.0000000000000406,-24.965575319836507,-44.11501748191975,8778.888478901672
2015-05-20 18:00:00+00:00,2015-05-21 07:00:00+00:00,SHORT,1.03915,1.0415660505445012,1.0415660505445012,1.0355259241832484,stop,-1.0000000000000306,-25.660505445012248,-43.8944423945097,8734.994036507162
2015-07-01 13:00:00+00:00,2015-07-02 09:00:00+00:00,LONG,1.04478,1.0497863248087187,1.041442450127521,1.0497863248087187,target,1.3924746559298875,48.56324808718654,60.81628907767465,8795.810325584836
2015-07-14 21:00:00+00:00,2015-07-15 07:00:00+00:00,SHORT,1.04013,1.0423452314926576,1.0423452314926576,1.0368071527610139,stop,-1.0000000000000324,-23.652314926575656,-43.97905162792561,8751.83127395691
2015-07-21 12:00:00+00:00,2015-07-21 15:00:00+00:00,LONG,1.04443,1.047006025678397,1.0427126495477352,1.047006025678397,target,1.299180705718492,24.26025678397098,56.85105165414254,8808.682325611053
2015-08-19 10:00:00+00:00,2015-08-19 16:00:00+00:00,SHORT,1.07529,1.0722400935529908,1.077323270964673,1.0722400935529908,target,1.328239368329506,28.999064470093096,58.50019323992455,8867.182518850977
2015-08-24 15:00:00+00:00,2015-08-25 05:00:00+00:00,LONG,1.08328,1.0782938911415938,1.0782938911415938,1.0907591632876092,stop,-1.0000000000000095,-51.36108858406224,-44.33591259425531,8822.846606256722
2015-08-31 06:00:00+00:00,2015-08-31 12:00:00+00:00,SHORT,1.0795,1.082193621019539,1.082193621019539,1.075459568470691,stop,-0.9999999999999617,-28.43621019539183,-44.11423303128192,8778.73237322544
2015-09-21 12:00:00+00:00,2015-09-21 13:00:00+00:00,SHORT,1.09003,1.0924805383015468,1.0924805383015468,1.08635419254768,stop,-1.00000000000002,-26.00538301546734,-43.89366186612808,8734.838711359313
2015-09-24 18:00:00+00:00,2015-09-24 21:00:00+00:00,LONG,1.09519,1.0926004017574176,1.0926004017574176,1.0990743973638737,stop,-1.000000000000035,-27.39598242582536,-43.674193556798095,8691.164517802514
2015-09-30 15:00:00+00:00,2015-12-01 00:00:00+00:00,SHORT,1.09067,1.0873553576287542,1.0928797615808306,1.0873553576287542,target,1.3410856405807132,31.646423712457903,58.27797967374775,8749.442497476262
2015-12-22 11:00:00+00:00,2015-12-22 13:00:00+00:00,LONG,1.08331,1.0818197702347316,1.0818197702347316,1.0855453446479024,stop,-1.0000000000000526,-16.402297652683583,-43.747212487383614,8705.695284988878
2015-12-23 22:00:00+00:00,2015-12-24 15:00:00+00:00,SHORT,1.08063,1.0818806680065505,1.0818806680065505,1.0787539979901741,stop,-0.9999999999999711,-14.006680065504927,-43.528476424943136,8662.166808563936
2015-12-28 05:00:00+00:00,2015-12-28 09:00:00+00:00,LONG,1.08246,1.0847466691150696,1.080935553923287,1.0847466691150696,target,1.2760453410741266,21.36669115069584,55.26658799837473,8717.43339656231
2015-12-31 01:00:00+00:00,2015-12-31 06:00:00+00:00,SHORT,1.07982,1.0816427951940955,1.0816427951940955,1.0770858072088567,stop,-0.9999999999999809,-19.7279519409545,-43.58716698281072,8673.8462295795
2015-12-31 16:00:00+00:00,2016-02-01 00:00:00+00:00,LONG,1.08724,1.0904431802912287,1.0851045464725142,1.0904431802912287,target_gap,1.3359187813315359,30.5318029122868,57.937770422384915,8731.784000001884
2016-02-09 23:00:00+00:00,2016-02-11 12:00:00+00:00,SHORT,1.09876,1.101379384933469,1.101379384933469,1.0948309225997965,stop,-1.0000000000000113,-27.693849334690267,-43.65892000000992,8688.125080001873
2016-02-16 12:00:00+00:00,2016-02-17 12:00:00+00:00,LONG,1.10168,1.1040907728198546,1.100072818120097,1.1040907728198546,target,1.2865901052765925,22.607728198545786,55.89027880667907,8744.015358808552
2016-02-22 13:00:00+00:00,2016-02-22 21:00:00+00:00,SHORT,1.10041,1.1020178594285397,1.1020178594285397,1.0979982108571908,stop,-1.0000000000000622,-17.57859428539582,-43.72007679404548,8700.295282014507
2016-03-07 09:00:00+00:00,2016-03-07 13:00:00+00:00,LONG,1.09397,1.096938114911227,1.091991256725849,1.096938114911227,target,1.323839725271915,28.18114911226838,57.58898257963311,8757.88426459414
2016-03-18 08:00:00+00:00,2016-03-18 09:00:00+00:00,SHORT,1.09242,1.0941754376797097,1.0941754376797097,1.0897868434804354,stop,-1.0000000000000215,-19.054376797097593,-43.78942132297165,8714.094843271168
2016-03-30 23:00:00+00:00,2016-03-31 06:00:00+00:00,LONG,1.09375,1.0920565187841123,1.0920565187841123,1.0962902218238317,stop,-0.9999999999999544,-18.434812158877488,-43.57047421635385,8670.524369054814
2016-04-05 10:00:00+00:00,2016-04-06 07:00:00+00:00,SHORT,1.08931,1.090694884066318,1.090694884066318,1.0872326739005231,stop,-1.000000000000055,-15.348840663179818,-43.35262184527646,8627.171747209537
2016-04-15 12:00:00+00:00,2016-04-19 12:00:00+00:00,LONG,1.09177,1.09231,1.0901755294896678,1.094161705765498,time,0.22356353844339588,3.8999999999998494,9.64360521282529,8636.815352422362
2016-05-16 04:00:00+00:00,2016-05-16 10:00:00+00:00,SHORT,1.10423,1.1056373819311809,1.1056373819311809,1.1021189271032288,stop,-1.000000000000044,-15.5738193118084,-43.184076762113705,8593.631275660247
2016-05-16 11:00:00+00:00,2016-05-17 06:00:00+00:00,LONG,1.10564,1.10759340439275,1.1043377304048332,1.10759340439275,target,1.241783480664953,18.034043927500466,53.357146785202914,8646.98842244545
2016-05-25 09:00:00+00:00,2016-05-25 10:00:00+00:00,SHORT,1.10592,1.1041069554528622,1.1071286963647586,1.1041069554528622,target,1.2240001447514504,16.63044547137821,52.919575403686736,8699.907997849137
2016-06-05 23:00:00+00:00,2016-06-06 08:00:00+00:00,LONG,1.10913,1.1073148552563359,1.1073148552563359,1.111852717115496,stop,-1.0000000000000515,-19.651447436640655,-43.49953998924792,8656.408457859889
2016-06-06 18:00:00+00:00,2016-06-07 07:00:00+00:00,SHORT,1.10338,1.1007646774169844,1.1051235483886772,1.1007646774169844,target,1.3019591143049565,24.653225830156668,56.35144944428597,8712.759907304175
2016-06-23 22:00:00+00:00,2016-06-23 22:00:00+00:00,LONG,1.1002,1.0956820420156668,1.0956820420156668,1.1069769369765001,stop,-0.9999999999999791,-46.67957984333298,-43.563799536519966,8669.196107767655
2016-06-24 03:00:00+00:00,2016-06-24 06:00:00+00:00,SHORT,1.07232,1.0800557247052514,1.0800557247052514,1.060716412942123,stop,-1.000000000000009,-78.85724705251411,-43.345980538838674,8625.850127228816
2016-06-29 15:00:00+00:00,2016-06-30 12:00:00+00:00,LONG,1.08773,1.0848577577715715,1.0848577577715715,1.092038363342643,stop,-1.000000000000031,-30.222422284286342,-43.12925063614542,8582.72087659267
2016-09-21 03:00:00+00:00,2016-09-21 06:00:00+00:00,SHORT,1.09126,1.0922780796997638,1.0922780796997638,1.089732880450354,stop,-1.000000000000003,-11.68079699763863,-42.913604382963484,8539.807272209706
2016-10-03 12:00:00+00:00,2016-10-04 10:00:00+00:00,LONG,1.09166,1.0943359433267263,1.0898760377821826,1.0943359433267263,target,1.3060975563301729,25.25943326726271,55.76910704881868,8595.576379258524
2016-10-12 15:00:00+00:00,2016-10-13 07:00:00+00:00,SHORT,1.09042,1.0879567357175355,1.0920621761883096,1.0879567357175355,target,1.290757179765008,23.132642824644613,55.474009628732254,8651.050388887255
2016-11-01 08:00:00+00:00,2016-11-01 09:00:00+00:00,LONG,1.08548,1.0844815615164354,1.0844815615164354,1.0869776577253467,stop,-1.0000000000000961,-11.484384835646232,-43.25525194444043,8607.795136942816
2016-11-01 11:00:00+00:00,2016-11-01 13:00:00+00:00,SHORT,1.08346,1.0818489298387075,1.084534046774195,1.0818489298387075,target,1.1936391583184143,14.610701612925826,51.37300671118881,8659.168143654004
2016-11-23 10:00:00+00:00,2016-11-23 10:00:00+00:00,LONG,1.0734,1.0722516585065895,1.0722516585065895,1.0751225122401153,stop,-1.0000000000000773,-12.983414934103653,-43.29584071827337,8615.87230293573
2016-11-23 14:00:00+00:00,2016-11-23 18:00:00+00:00,SHORT,1.072,1.0733616161597588,1.0733616161597588,1.069957575760362,stop,-1.0000000000000127,-15.116161597587162,-43.0793615146792,8572.79294142105
2016-11-25 01:00:00+00:00,2016-11-28 02:00:00+00:00,LONG,1.07366,1.0757727912366877,1.072251472508875,1.0757727912366877,target,1.2593882673642742,19.627912366876167,53.982374244844685,8626.775315665895
2017-01-02 15:00:00+00:00,2017-01-03 15:00:00+00:00,SHORT,1.07126,1.068302906378897,1.0732313957474022,1.068302906378897,target,1.3232295881335085,28.070936211031906,57.0760217393445,8683.85133740524
2017-01-10 04:00:00+00:00,2017-01-10 09:00:00+00:00,LONG,1.07395,1.0728214958435338,1.0728214958435338,1.075642756234699,stop,-1.0000000000000235,-12.78504156466148,-43.41925668702722,8640.432080718212
2017-01-16 14:00:00+00:00,2017-01-17 03:00:00+00:00,SHORT,1.07162,1.0729148768932502,1.0729148768932502,1.0696776846601248,stop,-0.9999999999999545,-14.448768932501409,-43.20216040358909,8597.229920314623
2017-01-20 09:00:00+00:00,2017-01-20 09:00:00+00:00,LONG,1.07301,1.072021462889727,1.072021462889727,1.0744928056654093,stop,-1.0000000000000582,-11.385371102729135,-42.98614960157562,8554.243770713047
2017-01-26 15:00:00+00:00,2017-01-26 16:00:00+00:00,SHORT,1.06762,1.069054915007554,1.069054915007554,1.0654676274886692,stop,-1.0000000000000107,-15.84915007553883,-42.771218853565685,8511.47255185948
2017-04-05 18:00:00+00:00,2017-04-06 06:00:00+00:00,LONG,1.07195,1.0707411291447715,1.0707411291447715,1.0737633062828427,stop,-0.9999999999999729,-13.588708552284722,-42.557362759296254,8468.915189100184
2017-04-07 18:00:00+00:00,2017-04-11 11:00:00+00:00,SHORT,1.06806,1.0691779061251534,1.0691779061251534,1.06638314081227,stop,-1.0000000000000215,-12.679061251533895,-42.34457594550183,8426.570613154681
2017-04-19 02:00:00+00:00,2017-04-19 09:00:00+00:00,LONG,1.06927,1.0684279655885112,1.0684279655885112,1.0705330516172331,stop,-0.9999999999999808,-9.92034411488779,-42.13285306577259,8384.43776008891
2017-05-18 14:00:00+00:00,2017-05-19 06:00:00+00:00,SHORT,1.0879,1.089609196884114,1.089609196884114,1.0853362046738293,stop,-0.9999999999999963,-18.591968841138616,-41.92218880044439,8342.515571288464
2017-05-22 22:00:00+00:00,2017-05-23 10:00:00+00:00,LONG,1.09378,1.092207644371979,1.092207644371979,1.0961385334420315,stop,-0.9999999999999449,-17.223556280209383,-41.71257785644003,8300.802993432024
2017-05-25 18:00:00+00:00,2017-05-26 12:00:00+00:00,SHORT,1.09005,1.088266386736431,1.091239075509046,1.088266386736431,target,1.2199560461924785,16.33613263568906,50.63307400045011,8351.436067432474
2017-07-03 04:00:00+00:00,2017-07-03 07:00:00+00:00,LONG,1.09473,1.093254865227419,1.093254865227419,1.0969427021588716,stop,-0.9999999999999364,-16.251347725809882,-41.75718033715972,8309.678887095315
2017-07-20 06:00:00+00:00,2017-07-20 07:00:00+00:00,SHORT,1.09984,1.100747357611752,1.100747357611752,1.0984789635823717,stop,-0.9999999999999011,-10.5735761175198,-41.54839443547247,8268.130492659842
2017-07-20 13:00:00+00:00,2017-07-21 06:00:00+00:00,LONG,1.10632,1.1087750038762743,1.1046833307491504,1.1087750038762743,target,1.2901122438740615,23.050038762742865,53.3340819126447,8321.464574572487
2017-08-09 22:00:00+00:00,2017-08-11 09:00:00+00:00,SHORT,1.13288,1.1279754822557009,1.1361496784961995,1.1279754822557009,target,1.390340568443273,47.545177442992305,57.84834893445835,8379.312923506945
2017-08-14 15:00:00+00:00,2017-08-15 00:00:00+00:00,LONG,1.14322,1.1467429730955674,1.1408713512696216,1.1467429730955674,target,1.349918879976727,33.72973095567483,56.556963583375044,8435.869887090319
2017-08-17 08:00:00+00:00,2017-08-17 23:00:00+00:00,SHORT,1.13176,1.128131237844458,1.1341791747703616,1.128131237844458,target,1.3540387348007075,34.78762155542198,57.11247294429582,8492.982360034615
2017-08-23 00:00:00+00:00,2017-08-23 08:00:00+00:00,LONG,1.13922,1.1416688802140902,1.1375874131906063,1.1416688802140902,target,1.2896315635099027,22.988802140902877,54.764090599167325,8547.746450633782
2017-09-05 04:00:00+00:00,2017-09-05 07:00:00+00:00,SHORT,1.13746,1.1395502016804313,1.1395502016804313,1.1343246974793528,stop,-0.9999999999999692,-22.402016804313917,-42.7387322531676,8505.007718380615
2017-09-07 16:00:00+00:00,2017-09-08 05:00:00+00:00,LONG,1.14246,1.139076690556949,1.139076690556949,1.1475349641645767,stop,-1.0000000000000033,-35.33309443051097,-42.52503859190322,8462.482679788713
2017-09-08 19:00:00+00:00,2017-09-11 00:00:00+00:00,SHORT,1.13657,1.1392139240022159,1.1392139240022159,1.1326041139966765,stop,-1.0000000000000133,-27.939240022158028,-42.31241339894412,8420.170266389769
2017-09-11 20:00:00+00:00,2017-09-11 21:00:00+00:00,LONG,1.14317,1.1412567978672383,1.1412567978672383,1.1460398031991426,stop,-0.9999999999999828,-20.632021327616933,-42.10085133194812,8378.06941505782
2017-09-26 07:00:00+00:00,2017-09-26 11:00:00+00:00,SHORT,1.14835,1.1451088289739804,1.1505107806840131,1.1451088289739804,target,1.3377171825113379,30.91171026019618,56.0374370639778,8434.106852121799
2017-10-06 12:00:00+00:00,2017-10-06 12:00:00+00:00,LONG,1.14707,1.1488962547859902,1.1458524968093398,1.1488962547859902,target,1.2257776050825642,16.76254785990189,51.69169649102152,8485.79854861282
2017-10-31 06:00:00+00:00,2017-10-31 09:00:00+00:00,SHORT,1.15874,1.1601364288247709,1.1601364288247709,1.156645356762844,stop,-1.0000000000000404,-15.464288247707568,-42.42899274306581,8443.369555869755
2017-10-31 12:00:00+00:00,2017-12-01 00:00:00+00:00,LONG,1.16166,1.164290385573745,1.1599064096175031,1.164290385573745,target_gap,1.303003837670083,24.803855737450643,55.00871467082518,8498.37827054058
2017-12-13 00:00:00+00:00,2017-12-13 19:00:00+00:00,SHORT,1.16426,1.1619120268480485,1.1658253154346343,1.1619120268480485,target,1.2813813177283822,21.979731519515656,54.44831573429768,8552.826586274878
2017-12-20 11:00:00+00:00,2017-12-20 16:00:00+00:00,LONG,1.16938,1.1716154346787038,1.1678897102141976,1.1716154346787038,target,1.2713818599336266,20.85434678703685,54.36954286473963,8607.196129139616
2017-12-29 11:00:00+00:00,2017-12-29 11:00:00+00:00,SHORT,1.16822,1.169938470558008,1.169938470558008,1.165642294162988,stop,-1.0000000000000306,-18.684705580080006,-43.035980645699404,8564.160148493916
2018-01-02 11:00:00+00:00,2018-01-02 15:00:00+00:00,LONG,1.17214,1.17035266758358,1.17035266758358,1.1748209986246299,stop,-0.9999999999999631,-19.37332416419929,-42.820800742468,8521.33934775145
2018-01-08 23:00:00+00:00,2018-01-09 07:00:00+00:00,SHORT,1.1695,1.171048597754785,1.171048597754785,1.1671771033678224,stop,-1.0000000000000546,-16.985977547851082,-42.606696738759574,8478.73265101269
2018-01-10 02:00:00+00:00,2018-01-10 07:00:00+00:00,LONG,1.17452,1.1730861707874336,1.1730861707874336,1.1766707438188495,stop,-1.0000000000000253,-15.838292125664065,-42.39366325506452,8436.338987757625
2018-01-10 18:00:00+00:00,2018-01-11 12:00:00+00:00,SHORT,1.17037,1.1725326088903305,1.1725326088903305,1.1671260866645041,stop,-1.000000000000008,-23.126088903305973,-42.18169493878846,8394.157292818836
2018-01-12 00:00:00+00:00,2018-01-12 08:00:00+00:00,LONG,1.17494,1.178028078343611,1.1728812811042595,1.178028078343611,target,1.3302183221580601,29.380783436109116,55.83030914992158,8449.987601968758
2018-01-18 23:00:00+00:00,2018-01-19 10:00:00+00:00,SHORT,1.1735,1.1751636045372067,1.1751636045372067,1.17100459319419,stop,-1.0000000000000153,-18.136045372067088,-42.249938009844435,8407.737663958913
2018-01-22 01:00:00+00:00,2018-01-22 06:00:00+00:00,LONG,1.17769,1.1758807369711362,1.1758807369711362,1.1804038945432955,stop,-0.9999999999999879,-19.5926302886375,-42.038688319794055,8365.69897563912
2018-01-24 15:00:00+00:00,2018-01-24 17:00:00+00:00,SHORT,1.16961,1.1718118996498728,1.1718118996498728,1.1663071505251912,stop,-1.0000000000000315,-23.518996498727184,-41.82849487819692,8323.870480760923
2018-02-21 19:00:00+00:00,2018-02-21 23:00:00+00:00,LONG,1.15454,1.152987158784772,1.152987158784772,1.156869261822842,stop,-0.9999999999999537,-17.02841215227918,-41.61935240380269,8282.25112835712
2018-02-27 06:00:00+00:00,2018-02-27 12:00:00+00:00,LONG,1.15532,1.1540804096660808,1.1540804096660808,1.1571793855008785,stop,-0.9999999999999545,-13.895903339190717,-41.41125564178372,8240.839872715336
2018-02-27 19:00:00+00:00,2018-02-28 09:00:00+00:00,SHORT,1.14927,1.1509891039449194,1.1509891039449194,1.146691344082621,stop,-0.9999999999999994,-18.691039449193646,-41.20419936357666,8199.63567335176
2018-03-01 21:00:00+00:00,2018-03-02 05:00:00+00:00,LONG,1.15554,1.1534248786051768,1.1534248786051768,1.1587126820922349,stop,-0.9999999999999796,-22.651213948231717,-40.99817836675796,8158.637494985002
2018-03-23 03:00:00+00:00,2018-03-23 10:00:00+00:00,SHORT,1.1661,1.1681618616611937,1.1681618616611937,1.1630072075082092,stop,-1.0000000000000246,-22.1186166119382,-40.79318747492602,8117.844307510077
2018-03-26 01:00:00+00:00,2018-03-26 09:00:00+00:00,LONG,1.17106,1.1736437398308153,1.1693375067794565,1.1736437398308153,target,1.2997322522261932,24.337398308152792,52.75512032510827,8170.599427835185
2018-05-02 16:00:00+00:00,2018-05-02 18:00:00+00:00,SHORT,1.19387,1.1952856731035368,1.1952856731035368,1.1917464903446948,stop,-1.0000000000000273,-15.65673103536852,-40.85299713917704,8129.746430696008
2018-05-06 23:00:00+00:00,2018-05-08 07:00:00+00:00,LONG,1.19617,1.194640135804615,1.194640135804615,1.1984647962930775,stop,-0.9999999999999666,-16.798641953849224,-40.64873215347868,8089.0976985425295
2018-05-08 10:00:00+00:00,2018-05-08 13:00:00+00:00,SHORT,1.19099,1.188986593899966,1.1923256040666894,1.188986593899966,target,1.2475774276549254,18.53406100034022,50.45887849398533,8139.556577036515
2018-05-13 23:00:00+00:00,2018-05-14 08:00:00+00:00,LONG,1.19506,1.1971312727847756,1.1936791514768164,1.1971312727847756,target,1.2550378144403016,19.212727847755907,51.07725648478545,8190.6338335213
2018-05-15 12:00:00+00:00,2018-05-15 12:00:00+00:00,SHORT,1.1909,1.1890068439633505,1.1921621040244332,1.1890068439633505,target,1.2344388277976555,17.431560366495237,50.55418214185926,8241.18801566316
2018-06-06 22:00:00+00:00,2018-06-07 09:00:00+00:00,LONG,1.16132,1.1590220404389633,1.1590220404389633,1.164766939341555,stop,-0.9999999999999654,-24.47959561036622,-41.20594007831437,8199.982075584845
2018-06-14 22:00:00+00:00,2018-06-15 08:00:00+00:00,SHORT,1.1535,1.1557620555297141,1.1557620555297141,1.1501069167054288,stop,-0.9999999999999829,-24.120555297141465,-40.99991037792352,8158.982165206921
2018-06-29 04:00:00+00:00,2018-06-29 09:00:00+00:00,LONG,1.15736,1.1552986847964282,1.1552986847964282,1.1604519728053577,stop,-0.9999999999999929,-22.113152035717786,-40.79491082603432,8118.187254380887
2018-07-19 03:00:00+00:00,2018-07-20 01:00:00+00:00,SHORT,1.16323,1.164563956416433,1.164563956416433,1.1612290653753503,stop,-0.9999999999999406,-14.839564164329687,-40.590936271902024,8077.596318108985
2018-08-21 23:00:00+00:00,2018-08-22 08:00:00+00:00,LONG,1.13953,1.1375398928246674,1.1375398928246674,1.1425151607629989,stop,-0.9999999999999557,-21.40107175332545,-40.387981590543134,8037.208336518442
2018-08-29 23:00:00+00:00,2018-08-30 08:00:00+00:00,SHORT,1.13629,1.1338621144198002,1.1379085903867998,1.1338621144198002,target,1.287966731698396,22.778855801997956,51.7582847658238,8088.966621284266
2018-09-14 00:00:00+00:00,2018-09-14 08:00:00+00:00,LONG,1.12967,1.1280245292944138,1.1280245292944138,1.1321382060583793,stop,-0.9999999999999727,-17.954707055861828,-40.444833106420226,8048.521788177845
2018-09-14 16:00:00+00:00,2018-09-14 20:00:00+00:00,SHORT,1.12656,1.1240826669539739,1.1282115553640173,1.1240826669539739,target,1.2918465302316986,23.273330460261533,51.98727472775888,8100.509062905604
2018-09-19 20:00:00+00:00,2018-09-20 07:00:00+00:00,LONG,1.12904,1.1316735242334974,1.1272843171776683,1.1316735242334974,target,1.3032201394661973,24.835242334973863,52.78373275353518,8153.292795659139
2018-09-23 23:00:00+00:00,2018-09-24 08:00:00+00:00,SHORT,1.12564,1.1276286175067265,1.1276286175067265,1.1226570737399102,stop,-0.9999999999999749,-21.3861750672652,-40.766463978294674,8112.526331680845
2018-09-24 14:00:00+00:00,2018-09-25 04:00:00+00:00,LONG,1.13191,1.134603914730743,1.1301140568461714,1.134603914730743,target,1.307291390161047,25.439147307429856,53.02717912930576,8165.553510810151
2018-10-19 07:00:00+00:00,2018-10-19 13:00:00+00:00,SHORT,1.14137,1.143149540512273,1.143149540512273,1.1387006892315905,stop,-0.9999999999999777,-19.295405122729147,-40.82776755404985,8124.725743256101
2018-10-19 17:00:00+00:00,2018-10-21 21:00:00+00:00,LONG,1.14816,1.1457469045458735,1.1457469045458735,1.1517796431811897,stop,-1.0000000000000344,-25.630954541266014,-40.62362871628191,8084.102114539819
2018-10-23 08:00:00+00:00,2018-10-24 07:00:00+00:00,SHORT,1.14137,1.138910500333199,1.1430096664445342,1.138910500333199,target,1.2904637475070266,23.09499666801035,52.16120354979267,8136.263318089612
2018-11-01 03:00:00+00:00,2018-11-01 14:00:00+00:00,LONG,1.14179,1.1442067344230185,1.1401788437179878,1.1442067344230185,target,1.2870717074742117,22.66734423018374,52.35977160636696,8188.623089695979
2018-11-09 19:00:00+00:00,2018-11-12 07:00:00+00:00,SHORT,1.13951,1.1369359681667526,1.141226021222165,1.1369359681667526,target,1.299037655335459,24.240318332474477,53.18664869432233,8241.8097383903
2018-11-16 16:00:00+00:00,2018-11-16 19:00:00+00:00,LONG,1.14239,1.1405043717258,1.1405043717258,1.1452184424112999,stop,-1.0000000000000329,-20.35628274199913,-41.20904869195286,8200.600689698347
2018-11-19 14:00:00+00:00,2018-11-20 02:00:00+00:00,SHORT,1.13859,1.136162663029851,1.140208224646766,1.136162663029851,target,1.2879228746834974,22.773369701490743,52.80870607203884,8253.409395770386
2018-12-04 07:00:00+00:00,2018-12-04 15:00:00+00:00,LONG,1.13408,1.1328979044151193,1.1328979044151193,1.135853143377321,stop,-1.0000000000000322,-13.320955848806936,-41.26704697885326,8212.142348791533
2018-12-04 22:00:00+00:00,2018-12-05 06:00:00+00:00,SHORT,1.13106,1.1324522491642814,1.1324522491642814,1.1289716262535778,stop,-1.0000000000000204,-15.422491642814894,-41.0607117439585,8171.081637047574
2018-12-19 09:00:00+00:00,2018-12-19 10:00:00+00:00,LONG,1.1304,1.1322912851425087,1.1291391432383275,1.1322912851425087,target,1.2342040594145334,17.412851425085808,50.42391063125833,8221.505547678833
2018-12-25 00:00:00+00:00,2018-12-25 03:00:00+00:00,SHORT,1.12449,1.1265470233483994,1.1265470233483994,1.1214044649774009,stop,-1.0000000000000266,-22.070233483994116,-41.10752773839526,8180.398019940438
