symbol,task,horizon,bundle,model,development_balanced_accuracy,development_auc,development_persistence_balanced_accuracy,confidence_threshold,previously_inspected,accuracy_lift_ci_low,accuracy_lift_ci_high,n,accuracy,balanced_accuracy,auc,brier,majority_accuracy,baseline_brier,persistence_accuracy,persistence_balanced_accuracy,positive_rate,confident_n,confident_coverage,confident_accuracy,confident_baseline_accuracy,confident_majority_accuracy,confident_positive_rate,clock_accuracy,clock_balanced_accuracy,clock_auc,simple_balanced_accuracy,simple_auc
AUDCAD,high_volatility_4h,4,context,hist_boost,0.6149262303757498,0.7663911533559427,0.5730619133887164,0.5,False,0.1351829268292683,0.17492160278745644,2870,0.7689895470383276,0.5139136139495818,0.6683047510509134,0.16847741594993298,0.7641114982578397,0.183929098591642,0.6142857142857143,0.5285782410934213,0.23588850174216028,2870,1.0,0.7689895470383276,0.6142857142857143,0.7641114982578397,0.23588850174216028,0.7641114982578397,0.5,0.5888169083716754,0.5151529541087158,0.630858492275341
AUDCHF,high_volatility_4h,4,context,hist_boost,0.6149262303757498,0.7663911533559427,0.5730619133887164,0.5,False,0.14897319874695442,0.19108945353289244,2873,0.7821092934215106,0.5459958926516362,0.6946065277301745,0.15929424417729707,0.7758440654368256,0.17932974940863236,0.6112077967281587,0.5490335609930086,0.22415593456317437,2873,1.0,0.7821092934215106,0.6112077967281587,0.7758440654368256,0.22415593456317437,0.7758440654368256,0.5,0.593967436585495,0.5302610423302097,0.6636927402478342
AUDJPY,high_volatility_4h,4,context,hist_boost,0.6149262303757498,0.7663911533559427,0.5730619133887164,0.5,False,0.12592332043615898,0.1674287724234963,2843,0.7847344354555047,0.5686520037137283,0.7424921308007691,0.15330675933499635,0.7717200140696447,0.18075722016367043,0.6387618712627506,0.5695597181274606,0.22827998593035526,2843,1.0,0.7847344354555047,0.6387618712627506,0.7717200140696447,0.22827998593035526,0.7717200140696447,0.5,0.6151754399517946,0.5549256762735743,0.7089702550589715
AUDNZD,high_volatility_4h,4,context,hist_boost,0.6149262303757498,0.7663911533559427,0.5730619133887164,0.5,False,0.12468193384223919,0.1668484187568157,2751,0.772082878953108,0.5060729649867604,0.6905823966716784,0.16479945044245362,0.7695383496910214,0.18039717865657198,0.6252271901126863,0.5288814151327171,0.23046165030897856,2751,1.0,0.772082878953108,0.6252271901126863,0.7695383496910214,0.23046165030897856,0.7695383496910214,0.5,0.6810274047108507,0.5124704025844561,0.684504588810128
AUDUSD,high_volatility_4h,4,context,hist_boost,0.6149262303757498,0.7663911533559427,0.5730619133887164,0.5,False,0.12658239038189534,0.16515205091937765,2828,0.7740452616690241,0.5169994728458549,0.6810656788411453,0.1637630603711344,0.7733380480905233,0.18039910401486017,0.6283592644978784,0.5308823875588768,0.22666195190947666,2828,1.0,0.7740452616690241,0.6283592644978784,0.7733380480905233,0.22666195190947666,0.7733380480905233,0.5,0.5718356306268711,0.526870951381265,0.6418091017193499
CADCHF,high_volatility_4h,4,context,hist_boost,0.6149262303757498,0.7663911533559427,0.5730619133887164,0.5,False,0.1674774148714385,0.20604586518415566,2878,0.8078526754690758,0.605461662276851,0.8042778753292361,0.1338151196999641,0.7915218902015289,0.1711686315074893,0.6219596942321056,0.5623090430201931,0.20847810979847117,2878,1.0,0.8078526754690758,0.6219596942321056,0.7915218902015289,0.20847810979847117,0.7915218902015289,0.5,0.7402480245829675,0.580290459467369,0.7862101258413813
CADJPY,high_volatility_4h,4,context,hist_boost,0.6149262303757498,0.7663911533559427,0.5730619133887164,0.5,False,0.13622822299651569,0.17282229965156795,2870,0.8097560975609757,0.5578247941165674,0.7108599686739027,0.14363029590339718,0.8020905923344948,0.16458350343582112,0.6560975609756098,0.5913389765176638,0.19790940766550522,2870,1.0,0.8097560975609757,0.6560975609756098,0.8020905923344948,0.19790940766550522,0.8020905923344948,0.5,0.577191373698315,0.5384585969334688,0.6891053095287626
CHFJPY,high_volatility_4h,4,context,hist_boost,0.6149262303757498,0.7663911533559427,0.5730619133887164,0.5,False,0.15751182248090215,0.19461622408148418,2749,0.812659148781375,0.5866387267375144,0.7431178139414053,0.13906950640768267,0.8101127682793743,0.16597867139081793,0.6365951255001819,0.5901729385269945,0.1898872317206257,2749,1.0,0.812659148781375,0.6365951255001819,0.8101127682793743,0.1898872317206257,0.8101127682793743,0.5,0.6058465678102425,0.5567060991282535,0.7190893028265093
EURAUD,high_volatility_4h,4,context,hist_boost,0.6149262303757498,0.7663911533559427,0.5730619133887164,0.5,False,0.13893713094824592,0.1792375824939215,2879,0.7554706495310872,0.5288752363556435,0.691689407796555,0.17187106512532307,0.7495658214657868,0.19012579104621444,0.5963876345953456,0.5285072863737035,0.2504341785342133,2879,1.0,0.7554706495310872,0.5963876345953456,0.7495658214657868,0.2504341785342133,0.7495658214657868,0.5,0.6103049775116683,0.5286499674147352,0.6646719171575879
EURCAD,high_volatility_4h,4,context,hist_boost,0.6149262303757498,0.7663911533559427,0.5730619133887164,0.5,False,0.13892844737756166,0.17332407085793677,2879,0.7974991316429316,0.6194789099922225,0.8081852344505259,0.13388380942475359,0.789857589440778,0.1716059031996693,0.6415422021535255,0.5710994570313352,0.21014241055922195,2879,1.0,0.7974991316429316,0.6415422021535255,0.789857589440778,0.21014241055922195,0.789857589440778,0.5,0.7653677576920561,0.5755329742616861,0.7991270343153288
EURCHF,high_volatility_4h,4,context,hist_boost,0.6149262303757498,0.7663911533559427,0.5730619133887164,0.5,False,0.15385550538381385,0.1896491837443557,2879,0.8242445293504689,0.6663658665458937,0.8243059329710145,0.12353523560193283,0.8002778742618964,0.16584605251120837,0.6526571726293852,0.6035344957729469,0.1997221257381035,2879,1.0,0.8242445293504689,0.6526571726293852,0.8002778742618964,0.1997221257381035,0.8047933310177144,0.5243553743961352,0.7770712560386472,0.6083023852657005,0.8156468900966184
EURGBP,high_volatility_4h,4,context,hist_boost,0.6149262303757498,0.7663911533559427,0.5730619133887164,0.5,False,0.16068641362185174,0.19829726853494148,2819,0.8215679318907414,0.7572252560371868,0.8689671434690047,0.11208048313870013,0.8002837885775097,0.168052472929018,0.6420716566158212,0.5890965320030737,0.19971621142249024,2819,1.0,0.8215679318907414,0.6420716566158212,0.8002837885775097,0.19971621142249024,0.7949627527492018,0.8045838687124447,0.8331565794943502,0.7270109784210725,0.8656710189839135
EURJPY,high_volatility_4h,4,context,hist_boost,0.6149262303757498,0.7663911533559427,0.5730619133887164,0.5,False,0.12611607142857142,0.16778273809523808,2688,0.8065476190476191,0.5801345924164042,0.7447007196532672,0.14248734836932875,0.7938988095238095,0.17083084545483174,0.6599702380952381,0.5967404139275069,0.20610119047619047,2688,1.0,0.8065476190476191,0.6599702380952381,0.7938988095238095,0.20610119047619047,0.7938988095238095,0.5,0.6554533105065317,0.5614158256050399,0.7205777864994806
EURNZD,high_volatility_4h,4,context,hist_boost,0.6149262303757498,0.7663911533559427,0.5730619133887164,0.5,False,0.12339242266249566,0.1671967327076816,2877,0.7396593673965937,0.5320368198656019,0.6725768321513002,0.18085239723304739,0.735140771637122,0.19587932071915348,0.5957594716718805,0.5307095921520448,0.264859228362878,2877,1.0,0.7396593673965937,0.5957594716718805,0.735140771637122,0.264859228362878,0.735140771637122,0.5,0.6335030372976428,0.5270527354293479,0.6414611294155605
EURUSD,high_volatility_4h,4,context,hist_boost,0.6149262303757498,0.7663911533559427,0.5730619133887164,0.5,True,0.13086842105263158,0.16807017543859648,2850,0.8101754385964912,0.5730462820098051,0.7856291839832764,0.13144674596333375,0.8028070175438596,0.1655011754645281,0.66,0.5728044197795088,0.19719298245614036,2850,1.0,0.8101754385964912,0.66,0.8028070175438596,0.19719298245614036,0.8021052631578948,0.5029186782967922,0.7299495433392231,0.5533955590672672,0.7699252482393053
GBPAUD,high_volatility_4h,4,context,hist_boost,0.6149262303757498,0.7663911533559427,0.5730619133887164,0.5,False,0.14176511466296038,0.1789437109103544,2878,0.7546907574704657,0.5722996195723469,0.7107444575626394,0.1687973004444768,0.7567755385684504,0.1880901461995285,0.593815149409312,0.5236908041453496,0.2432244614315497,2878,1.0,0.7546907574704657,0.593815149409312,0.7567755385684504,0.2432244614315497,0.7567755385684504,0.5,0.6540695920241375,0.5589052866325593,0.6890089203725567
GBPCAD,high_volatility_4h,4,context,hist_boost,0.6149262303757498,0.7663911533559427,0.5730619133887164,0.5,False,0.15943035776311218,0.19903612365404655,2879,0.8020145883987496,0.7068390442915735,0.8346270697250493,0.12605080252207274,0.7884682181312956,0.17317044711445015,0.6220910038207711,0.5542938882981416,0.21153178186870442,2879,1.0,0.8020145883987496,0.6220910038207711,0.7884682181312956,0.21153178186870442,0.7728377908996179,0.7646325672909298,0.8050194223215642,0.6464034345319474,0.8265915814905638
GBPCHF,high_volatility_4h,4,context,hist_boost,0.6149262303757498,0.7663911533559427,0.5730619133887164,0.5,False,0.15575213371266003,0.19631934566145093,2812,0.8175675675675675,0.7261256830990543,0.8517996754858803,0.11619401661161231,0.80049786628734,0.16845295136237065,0.6422475106685633,0.5985519606655312,0.19950213371266004,2812,1.0,0.8175675675675675,0.6422475106685633,0.80049786628734,0.19950213371266004,0.7752489331436699,0.7739677592292117,0.8059666094134434,0.6980189434523456,0.845094000606583
GBPJPY,high_volatility_4h,4,context,hist_boost,0.6149262303757498,0.7663911533559427,0.5730619133887164,0.5,False,0.12992957746478873,0.16585387323943662,2840,0.8045774647887324,0.6065140845070423,0.7574165282186074,0.13953879673872455,0.8,0.16803045205063255,0.6559859154929577,0.6007922535211268,0.2,2840,1.0,0.8045774647887324,0.6559859154929577,0.8,0.2,0.8,0.5,0.6265087222277326,0.5759242957746479,0.7379867895754809
GBPNZD,high_volatility_4h,4,context,hist_boost,0.6149262303757498,0.7663911533559427,0.5730619133887164,0.5,False,0.12356421858684302,0.1632526975287156,2873,0.7441698572920292,0.5504186051385221,0.6642825427511632,0.17791562932259722,0.7549599721545422,0.18820984492199094,0.6000696136442742,0.5370126969906535,0.2450400278454577,2873,1.0,0.7441698572920292,0.6000696136442742,0.7549599721545422,0.2450400278454577,0.7549599721545422,0.5,0.648267883712645,0.5459771469885578,0.6420487289911564
GBPUSD,high_volatility_4h,4,context,hist_boost,0.6149262303757498,0.7663911533559427,0.5730619133887164,0.5,True,0.10628690517540813,0.14901007294199375,2879,0.7856894755123307,0.6728666549976758,0.8049598711054743,0.1356737066800026,0.7860368183397013,0.17442550768993195,0.6568252865578326,0.5885328491658585,0.2139631816602987,2879,1.0,0.7856894755123307,0.6568252865578326,0.7860368183397013,0.2139631816602987,0.7481764501563043,0.7269825567715538,0.7632743140641948,0.6380662808247872,0.7997995707341709
NZDCAD,high_volatility_4h,4,context,hist_boost,0.6149262303757498,0.7663911533559427,0.5730619133887164,0.5,False,0.13794301598332176,0.179638637943016,2878,0.7689367616400278,0.5079903541333622,0.6215866908716504,0.1727952486089148,0.7678943710910354,0.18256424052111997,0.6097984711605281,0.5213563822581082,0.23210562890896455,2878,1.0,0.7689367616400278,0.6097984711605281,0.7678943710910354,0.23210562890896455,0.7682418346073663,0.500748502994012,0.5295106619340504,0.5150757308911589,0.6022861516785434
NZDCHF,high_volatility_4h,4,context,hist_boost,0.6149262303757498,0.7663911533559427,0.5730619133887164,0.5,False,0.13194292984369319,0.17994365685205377,2751,0.7757179207560887,0.5224695099461506,0.6710900808969977,0.16314903355728977,0.7793529625590694,0.17867662344868931,0.6201381315885133,0.5685131027318104,0.22064703744093056,2751,1.0,0.7757179207560887,0.6201381315885133,0.7793529625590694,0.22064703744093056,0.7793529625590694,0.5,0.5339048169367331,0.5266822549116035,0.6407537067545304
NZDJPY,high_volatility_4h,4,context,hist_boost,0.6149262303757498,0.7663911533559427,0.5730619133887164,0.5,False,0.10142410559221952,0.13893713094824592,2879,0.7648489058700938,0.5418947624000934,0.6930306857864625,0.16680203192324475,0.761028134769017,0.1847998359114198,0.6450156304272316,0.582314144544808,0.238971865230983,2879,1.0,0.7648489058700938,0.6450156304272316,0.761028134769017,0.238971865230983,0.761028134769017,0.5,0.5508574984343986,0.5326331689894176,0.6655756105845265
NZDUSD,high_volatility_4h,4,context,hist_boost,0.6149262303757498,0.7663911533559427,0.5730619133887164,0.5,False,0.11751497005988024,0.15494947604790418,2672,0.7720808383233533,0.517257193783593,0.6655317504446205,0.16721699152002228,0.7690868263473054,0.1822443455501726,0.6354790419161677,0.5367585877824967,0.23091317365269462,2672,1.0,0.7720808383233533,0.6354790419161677,0.7690868263473054,0.23091317365269462,0.7690868263473054,0.5,0.596456837298442,0.5256002870809623,0.6358890637138338
USDCAD,high_volatility_4h,4,context,hist_boost,0.6149262303757498,0.7663911533559427,0.5730619133887164,0.5,False,0.11359664452988466,0.15379238028661307,2861,0.7874868926948619,0.5281816950305448,0.7140441188126803,0.15341224486402522,0.7836420831876966,0.1733386473100736,0.6546662006291506,0.5808496625589603,0.2163579168123034,2861,1.0,0.7874868926948619,0.6546662006291506,0.7836420831876966,0.2163579168123034,0.7836420831876966,0.5,0.6598154054120269,0.5309068754962898,0.7021497364890279
USDCHF,high_volatility_4h,4,context,hist_boost,0.6149262303757498,0.7663911533559427,0.5730619133887164,0.5,False,0.15347052668294384,0.19183815835367982,2867,0.8168817579351239,0.6041029263818203,0.8086674458515799,0.1305968114997354,0.7924659923264736,0.1700008849348313,0.6435298221137077,0.558615294709433,0.20753400767352634,2867,1.0,0.8168817579351239,0.6435298221137077,0.7924659923264736,0.20753400767352634,0.7973491454482037,0.5235497544088058,0.762069475677595,0.5746911616759379,0.796526216120251
USDJPY,high_volatility_4h,4,context,hist_boost,0.6149262303757498,0.7663911533559427,0.5730619133887164,0.5,True,0.1286441294074882,0.16539440203562342,2751,0.8171573973100691,0.5686979673157657,0.7286541048429998,0.13773325299625527,0.806615776081425,0.16245236329182142,0.6706652126499455,0.584355209791039,0.19338422391857507,2751,1.0,0.8171573973100691,0.6706652126499455,0.806615776081425,0.19338422391857507,0.806615776081425,0.5,0.6064774656334392,0.552418111524869,0.7069532777414469
